"gene","cellType.target","mean.target","cellType","mean","ratio","rank_ratio","anno_ratio"
"COBLL1","Endothelial",0.989305944864323,"ExN",0.2796996873892,3.53702914042843,1,"Endothelial/ExN: 3.537"
"SPARC","Endothelial",1.08591231956329,"Astrocyte",0.355440976533894,3.05511291959816,2,"Endothelial/Astrocyte: 3.055"
"ARHGAP29","Endothelial",0.927446568721248,"ExN",0.31080252686204,2.98403805813627,3,"Endothelial/ExN: 2.984"
"IFITM3","Endothelial",0.808956706394449,"Astrocyte",0.281118011442542,2.87764096737641,4,"Endothelial/Astrocyte: 2.878"
"SERF2","Endothelial",0.848181624891429,"Microglia",0.33961786038504,2.49745883190539,5,"Endothelial/Microglia: 2.497"
"EEF2","Endothelial",0.790955902539322,"Microglia",0.325813507710915,2.42763385746767,6,"Endothelial/Microglia: 2.428"
"SRP14","Endothelial",0.952981966661653,"Astrocyte",0.39353444529466,2.42159734187462,7,"Endothelial/Astrocyte: 2.422"
"UBB","Endothelial",0.764159687441072,"Oligodendrocyte",0.31647819668291,2.41457293251298,8,"Endothelial/Oligodendrocyte: 2.415"
"EPAS1","Endothelial",1.02496747302251,"Astrocyte",0.425200947122427,2.41054842412521,9,"Endothelial/Astrocyte: 2.411"
"RPL8","Endothelial",0.836269247568511,"Microglia",0.34813236760903,2.4021588492676,10,"Endothelial/Microglia: 2.402"
"RPSA","Endothelial",0.763577894696614,"Oligodendrocyte",0.318690185986328,2.39598810466467,11,"Endothelial/Oligodendrocyte: 2.396"
"RPL36","Endothelial",0.847953941161162,"Microglia",0.367473267551041,2.30752551556253,12,"Endothelial/Microglia: 2.308"
"PEA15","Endothelial",0.976031453773759,"ExN",0.42376769892514,2.30322286537979,13,"Endothelial/ExN: 2.303"
"ADIRF","Endothelial",0.845739329961443,"Astrocyte",0.368077345209097,2.29772177225685,14,"Endothelial/Astrocyte: 2.298"
"AC105402.3","Endothelial",1.02803617550288,"InN",0.450127871145604,2.28387585262486,15,"Endothelial/InN: 2.284"
"RPL15","Endothelial",0.986168348620195,"ExN",0.43263843952602,2.27942840608569,16,"Endothelial/ExN: 2.279"
"MT-ND5","Endothelial",0.953423123740168,"Microglia",0.418298457345335,2.27928912239102,17,"Endothelial/Microglia: 2.279"
"FAU","Endothelial",0.804252533228262,"Microglia",0.357614510560247,2.24893708023285,18,"Endothelial/Microglia: 2.249"
"EIF1","Endothelial",0.976681692222773,"Microglia",0.441540317693696,2.21198756508644,19,"Endothelial/Microglia: 2.212"
"EEF1A1","Endothelial",1.02647509208818,"Microglia",0.4670516186593,2.19777654348943,20,"Endothelial/Microglia: 2.198"
"RPS23","Endothelial",0.801946505902607,"Microglia",0.373205303768362,2.14880790225948,21,"Endothelial/Microglia: 2.149"
"MAP1A","Endothelial",0.994023802775743,"Oligodendrocyte",0.463864785380917,2.14291714763273,22,"Endothelial/Oligodendrocyte: 2.143"
"H3F3B","Endothelial",1.00757191820076,"Astrocyte",0.47283867304639,2.1308999784413,23,"Endothelial/Astrocyte: 2.131"
"DHFR","Endothelial",0.788537538424542,"Microglia",0.371072485925579,2.12502292229419,24,"Endothelial/Microglia: 2.125"
"TUBA1B","Endothelial",0.926396709364929,"ExN",0.43667724569326,2.1214677854217,25,"Endothelial/ExN: 2.121"
"GAPDH","Endothelial",1.17349351607484,"Astrocyte",0.553390722629684,2.12055148033284,26,"Endothelial/Astrocyte: 2.121"
"ACTG1","Endothelial",1.14630851728732,"Astrocyte",0.542575890066564,2.11271554500273,27,"Endothelial/Astrocyte: 2.113"
"VIM","Endothelial",1.06222913384039,"Astrocyte",0.507263946613048,2.09403633144598,28,"Endothelial/Astrocyte: 2.094"
"RPL35","Endothelial",0.815431042854146,"Microglia",0.390273200534458,2.08938518385956,29,"Endothelial/Microglia: 2.089"
"TMSB10","Endothelial",1.14922763364833,"Microglia",0.552128526822579,2.08144947746492,30,"Endothelial/Microglia: 2.081"
"RPL10","Endothelial",0.822100281174769,"Microglia",0.400985532894108,2.05019935567568,31,"Endothelial/Microglia: 2.05"
"RPL18","Endothelial",1.05339329339806,"Microglia",0.526658066415985,2.00014650979641,32,"Endothelial/Microglia: 2"
"RPS15","Endothelial",0.995986555035803,"Microglia",0.500890291087304,1.98843254253097,33,"Endothelial/Microglia: 1.988"
"RPS27","Endothelial",0.889986719001489,"Microglia",0.454290980892389,1.95906755017068,34,"Endothelial/Microglia: 1.959"
"RPS9","Endothelial",0.826502434350135,"Microglia",0.422036550729009,1.95836695405284,35,"Endothelial/Microglia: 1.958"
"RPL19","Endothelial",0.776592340726664,"Microglia",0.397930023800096,1.95158016304091,36,"Endothelial/Microglia: 1.952"
"BSG","Endothelial",1.01893969133306,"Astrocyte",0.526242845759135,1.93625376486246,37,"Endothelial/Astrocyte: 1.936"
"ADAMTS9","Endothelial",1.03240498962678,"OPC",0.537107600323427,1.92215673173327,38,"Endothelial/OPC: 1.922"
"ACTB","Endothelial",1.38319656261528,"Microglia",0.719638574644265,1.92207117760332,39,"Endothelial/Microglia: 1.922"
"UBC","Endothelial",1.03386440352404,"Astrocyte",0.53835223624759,1.92042371873526,40,"Endothelial/Astrocyte: 1.92"
"RPL7A","Endothelial",0.840525913487812,"Microglia",0.438209144960727,1.91809304564637,41,"Endothelial/Microglia: 1.918"
"RPS28","Endothelial",0.83312212553187,"Microglia",0.438543578506673,1.89974763367603,42,"Endothelial/Microglia: 1.9"
"MT-ND3","Endothelial",1.32359120167498,"Microglia",0.702978929644222,1.88283196815707,43,"Endothelial/Microglia: 1.883"
"AES","Endothelial",0.79642887279388,"InN",0.427577587030377,1.86265346208921,44,"Endothelial/InN: 1.863"
"RPS27A","Endothelial",0.779246867892843,"Microglia",0.418429576304953,1.86231306776681,45,"Endothelial/Microglia: 1.862"
"RPS14","Endothelial",1.04205128558631,"Microglia",0.570073443105839,1.8279246265342,46,"Endothelial/Microglia: 1.828"
"RPL32","Endothelial",0.793595695014871,"ExN",0.436390584053687,1.81854449663662,47,"Endothelial/ExN: 1.819"
"RPL3","Endothelial",1.09541502053621,"Microglia",0.605618052792748,1.80875556051346,48,"Endothelial/Microglia: 1.809"
"RPS18","Endothelial",0.99316604748871,"Microglia",0.55085867530947,1.80294164729411,49,"Endothelial/Microglia: 1.803"
"APOLD1","Endothelial",0.830049432466146,"Oligodendrocyte",0.463188754677658,1.79203278163304,50,"Endothelial/Oligodendrocyte: 1.792"
"RPL28","Endothelial",1.13352190761752,"Microglia",0.637805145871694,1.77722289472645,51,"Endothelial/Microglia: 1.777"
"MT-CYB","Endothelial",1.36279374454867,"Microglia",0.768378170912881,1.77359768423611,52,"Endothelial/Microglia: 1.774"
"RPS6","Endothelial",0.751922208629595,"Microglia",0.424223877676988,1.77246554990505,53,"Endothelial/Microglia: 1.772"
"NORAD","Endothelial",1.03720439648233,"InN",0.59077087124238,1.75567965004962,54,"Endothelial/InN: 1.756"
"RPLP1","Endothelial",1.17139783024034,"Microglia",0.670570928018838,1.74686641083766,55,"Endothelial/Microglia: 1.747"
"MT-ND2","Endothelial",1.38258495103273,"Microglia",0.823240900505069,1.67944152214073,56,"Endothelial/Microglia: 1.679"
"RPL13A","Endothelial",1.05112485440019,"Microglia",0.629324207275214,1.67024379842505,57,"Endothelial/Microglia: 1.67"
"JUND","Endothelial",0.838201036995796,"Oligodendrocyte",0.503159396349024,1.6658757504637,58,"Endothelial/Oligodendrocyte: 1.666"
"MT-ND4","Endothelial",1.44020514177384,"Oligodendrocyte",0.865742426669253,1.66354922365847,59,"Endothelial/Oligodendrocyte: 1.664"
"MT-ND1","Endothelial",1.41633918725544,"Microglia",0.856648491810384,1.65334930347247,60,"Endothelial/Microglia: 1.653"
"HSP90AB1","Endothelial",1.18445282326612,"InN",0.71846540364566,1.64858713760737,61,"Endothelial/InN: 1.649"
"TMSB4X","Endothelial",1.14142702395555,"Microglia",0.697601827177018,1.63621564549875,62,"Endothelial/Microglia: 1.636"
"RPS19","Endothelial",1.05017123570884,"Microglia",0.644135469263263,1.63035772103962,63,"Endothelial/Microglia: 1.63"
"PRKAR1A","Endothelial",0.954288883203859,"ExN",0.586886876698514,1.62601843914476,64,"Endothelial/ExN: 1.626"
"ITM2C","Endothelial",0.804748263988531,"Astrocyte",0.497763495758852,1.61672816678064,65,"Endothelial/Astrocyte: 1.617"
"PEBP1","Endothelial",1.25959184845549,"Oligodendrocyte",0.790259885632989,1.5938957188072,66,"Endothelial/Oligodendrocyte: 1.594"
"TMBIM6","Endothelial",0.877074058751294,"ExN",0.551055797690554,1.59162477271279,67,"Endothelial/ExN: 1.592"
"CALM3","Endothelial",0.949210814746839,"ExN",0.598051801044076,1.58717156789715,68,"Endothelial/ExN: 1.587"
"MT2A","Endothelial",1.34251998376039,"Astrocyte",0.851952339418051,1.57581583105627,69,"Endothelial/Astrocyte: 1.576"
"CCNI","Endothelial",0.883789316685582,"InN",0.576899318038163,1.53196457172293,70,"Endothelial/InN: 1.532"
"RPL34","Endothelial",0.825329641955848,"ExN",0.539175204651711,1.53072625527909,71,"Endothelial/ExN: 1.531"
"MT1X","Endothelial",0.817236546863124,"Astrocyte",0.540992735117605,1.51062388422918,72,"Endothelial/Astrocyte: 1.511"
"RPS8","Endothelial",0.754306173596914,"Microglia",0.500582873233948,1.50685573544261,73,"Endothelial/Microglia: 1.507"
"MT-ATP6","Endothelial",1.48375504734561,"Microglia",0.987401640221212,1.50268643164619,74,"Endothelial/Microglia: 1.503"
"TPT1","Endothelial",0.8723087277228,"Microglia",0.582473169628836,1.49759469312321,75,"Endothelial/Microglia: 1.498"
"HNRNPK","Endothelial",0.792678629069892,"Oligodendrocyte",0.534832238645072,1.48210704552523,76,"Endothelial/Oligodendrocyte: 1.482"
"RPL13","Endothelial",1.31260256927997,"Microglia",0.887600229664998,1.47882179996211,77,"Endothelial/Microglia: 1.479"
"MT-CO3","Endothelial",1.68548335605922,"Oligodendrocyte",1.14041642755244,1.47795429400873,78,"Endothelial/Oligodendrocyte: 1.478"
"STOM","Endothelial",0.783521208226483,"Astrocyte",0.532074664999928,1.47257755305186,79,"Endothelial/Astrocyte: 1.473"
"MT-CO1","Endothelial",1.64355199237145,"Oligodendrocyte",1.12110382733072,1.46601229279954,80,"Endothelial/Oligodendrocyte: 1.466"
"RPL37","Endothelial",0.778863714371626,"ExN",0.532060265391481,1.46386371062412,81,"Endothelial/ExN: 1.464"
"MT-CO2","Endothelial",1.51263151170114,"Oligodendrocyte",1.03496440803374,1.4615299810888,82,"Endothelial/Oligodendrocyte: 1.462"
"B2M","Endothelial",0.909496681366476,"Microglia",0.622927146378425,1.46003699895583,83,"Endothelial/Microglia: 1.46"
"PKM","Endothelial",0.849152928899392,"ExN",0.581617240202188,1.45998582951943,84,"Endothelial/ExN: 1.46"
"FTL","Endothelial",1.43979607091509,"Oligodendrocyte",1.00066978026565,1.4388323693885,85,"Endothelial/Oligodendrocyte: 1.439"
"CST3","Endothelial",1.49756621918936,"Astrocyte",1.04744157042583,1.42973723926246,86,"Endothelial/Astrocyte: 1.43"
"SELENOW","Endothelial",1.05327980473042,"Oligodendrocyte",0.736744728908667,1.4296400956823,87,"Endothelial/Oligodendrocyte: 1.43"
"EIF4A2","Endothelial",0.824881201740418,"ExN",0.58430949811759,1.41171965268039,88,"Endothelial/ExN: 1.412"
"YWHAB","Endothelial",0.987371019718903,"ExN",0.700174005391778,1.41017948697828,89,"Endothelial/ExN: 1.41"
"MORF4L1","Endothelial",0.891052804503431,"ExN",0.640230742290379,1.39176822611759,90,"Endothelial/ExN: 1.392"
"TIMP3","Endothelial",0.99679748218542,"Astrocyte",0.719169367200752,1.38603996172041,91,"Endothelial/Astrocyte: 1.386"
"CD81","Endothelial",0.911012552625353,"OPC",0.659341135206257,1.38170137426716,92,"Endothelial/OPC: 1.382"
"CAMK2N1","Endothelial",1.1276931052512,"Oligodendrocyte",0.817536704417167,1.37937917546484,93,"Endothelial/Oligodendrocyte: 1.379"
"NRGN","Endothelial",0.820506531194903,"ExN",0.607752356341802,1.35006721509681,94,"Endothelial/ExN: 1.35"
"YWHAE","Endothelial",1.00083320452121,"Microglia",0.749686343404211,1.33500258251547,95,"Endothelial/Microglia: 1.335"
"MT3","Endothelial",1.43924327112207,"Astrocyte",1.08556132839934,1.32580558414349,96,"Endothelial/Astrocyte: 1.326"
"FAM107A","Endothelial",1.41248076889482,"Astrocyte",1.06718034670946,1.32356332577718,97,"Endothelial/Astrocyte: 1.324"
"ENO1","Endothelial",0.815222894187468,"Astrocyte",0.617321222878825,1.32058135047706,98,"Endothelial/Astrocyte: 1.321"
"GNAS","Endothelial",1.22645608790855,"Microglia",0.930547220653238,1.31799446679082,99,"Endothelial/Microglia: 1.318"
"AKAP12","Endothelial",0.794388652465537,"OPC",0.611834349997272,1.29837210426168,100,"Endothelial/OPC: 1.298"
"LINC02346","ExN",0.533910329340587,"Endothelial",0.0583915750250947,9.14361924834413,1,"ExN/Endothelial: 9.144"
"NWD2","ExN",0.846676339929623,"InN",0.166317799340312,5.09071394215115,2,"ExN/InN: 5.091"
"LY86-AS1","ExN",0.655328563207309,"Microglia",0.133995893482048,4.8906615432592,3,"ExN/Microglia: 4.891"
"MLIP","ExN",0.914913026591387,"Endothelial",0.204873452705049,4.46574709661659,4,"ExN/Endothelial: 4.466"
"PTGER3","ExN",0.712198683447779,"Endothelial",0.163143200030641,4.36548187919579,5,"ExN/Endothelial: 4.365"
"ADAMTS3","ExN",0.819805269269249,"InN",0.194194815127095,4.22156105832541,6,"ExN/InN: 4.222"
"MFSD4A","ExN",0.629538128187188,"InN",0.178504654892932,3.526732278017,7,"ExN/InN: 3.527"
"STYK1","ExN",0.483047590643123,"InN",0.150697119885481,3.20542018991606,8,"ExN/InN: 3.205"
"SLC26A4","ExN",0.666131914892303,"InN",0.210053055984723,3.17125552765464,9,"ExN/InN: 3.171"
"SEMA3D","ExN",0.711946635805519,"Endothelial",0.232074515719866,3.06775017324565,10,"ExN/Endothelial: 3.068"
"AC106795.3","ExN",0.638325114362625,"InN",0.208688883555728,3.05874037699841,11,"ExN/InN: 3.059"
"TG","ExN",0.693694034572997,"Microglia",0.228602784755069,3.03449511919217,12,"ExN/Microglia: 3.034"
"C3orf67-AS1","ExN",0.803681528624055,"InN",0.278159189952708,2.88928627078867,13,"ExN/InN: 2.889"
"SV2B","ExN",1.28346855668806,"Endothelial",0.452634492608131,2.83555181420791,14,"ExN/Endothelial: 2.836"
"MIR2052HG","ExN",0.856975245673866,"InN",0.30342143888958,2.82437275628942,15,"ExN/InN: 2.824"
"AL591501.1","ExN",0.721973644315149,"InN",0.256967481621301,2.80959146955075,16,"ExN/InN: 2.81"
"PTH2R","ExN",0.698497234554078,"InN",0.251974234167256,2.77209785699926,17,"ExN/InN: 2.772"
"SLC17A7","ExN",0.562749116445281,"Endothelial",0.206410223092867,2.72636261912324,18,"ExN/Endothelial: 2.726"
"RTN4RL1","ExN",0.524859420434274,"InN",0.196219106966546,2.67486397501421,19,"ExN/InN: 2.675"
"KCNH3","ExN",0.588706169103078,"InN",0.220260693323072,2.67276998097695,20,"ExN/InN: 2.673"
"LINC00276","ExN",0.776304222680309,"InN",0.290472334937574,2.67255820712546,21,"ExN/InN: 2.673"
"SAMD3","ExN",0.639574420945213,"InN",0.244347949729264,2.61747406374335,22,"ExN/InN: 2.617"
"ANKRD33B","ExN",0.882250801003752,"Endothelial",0.343161023813993,2.57095281742127,23,"ExN/Endothelial: 2.571"
"LINC01197","ExN",0.894111908609329,"InN",0.360430939412481,2.48067468921167,24,"ExN/InN: 2.481"
"CNTN6","ExN",0.583505670932532,"OPC",0.235694259183686,2.47568894106064,25,"ExN/OPC: 2.476"
"CYTOR","ExN",0.556014156070298,"InN",0.225196670230361,2.4690158850996,26,"ExN/InN: 2.469"
"SLC22A10","ExN",0.671895931677505,"InN",0.274034511934212,2.45186610596993,27,"ExN/InN: 2.452"
"KCNC4","ExN",0.50036907741641,"Endothelial",0.209189641583484,2.39194002929022,28,"ExN/Endothelial: 2.392"
"ZNF831","ExN",0.736813431808438,"InN",0.310157042533774,2.3756140624413,29,"ExN/InN: 2.376"
"MIR222HG","ExN",0.879130636444909,"InN",0.371497312060798,2.36645221352512,30,"ExN/InN: 2.366"
"CCBE1","ExN",0.791833874865832,"InN",0.33660509517425,2.35241202886702,31,"ExN/InN: 2.352"
"SIDT1","ExN",1.08789353520453,"InN",0.475940410491792,2.28577677209717,32,"ExN/InN: 2.286"
"CCDC144NL-AS1","ExN",0.656143092618117,"InN",0.287261379500769,2.28413263822108,33,"ExN/InN: 2.284"
"SCPEP1","ExN",0.742631149629345,"InN",0.325869927540509,2.2789189393275,34,"ExN/InN: 2.279"
"AC011287.1","ExN",1.21881907023761,"Endothelial",0.535986612441954,2.27397297235592,35,"ExN/Endothelial: 2.274"
"AC008574.1","ExN",0.781942722448513,"InN",0.344197536339736,2.27178477441717,36,"ExN/InN: 2.272"
"AC005162.3","ExN",0.797402968489058,"Astrocyte",0.35349859375979,2.25574580087555,37,"ExN/Astrocyte: 2.256"
"KCNK1","ExN",0.889921079475828,"InN",0.394777434485329,2.25423492261157,38,"ExN/InN: 2.254"
"INHBA-AS1","ExN",0.669099432592471,"InN",0.29809011852587,2.24462131083491,39,"ExN/InN: 2.245"
"SYT7","ExN",0.786733363830828,"InN",0.362435831450978,2.17068318185102,40,"ExN/InN: 2.171"
"FAM160A1","ExN",0.586623187600234,"InN",0.27321203454982,2.14713524082799,41,"ExN/InN: 2.147"
"PVT1","ExN",0.586365584452942,"OPC",0.273650935125781,2.14275015790984,42,"ExN/OPC: 2.143"
"HTR2A","ExN",0.554884854207552,"InN",0.261676773298403,2.12049715843442,43,"ExN/InN: 2.12"
"ARHGEF28","ExN",1.09960223077354,"InN",0.521313343987512,2.10929231613891,44,"ExN/InN: 2.109"
"MIR4435-2HG","ExN",1.21352481927042,"Endothelial",0.57845501631787,2.09787241019199,45,"ExN/Endothelial: 2.098"
"GLRA3","ExN",0.832252543920404,"InN",0.396814196733825,2.09733560636356,46,"ExN/InN: 2.097"
"STX2","ExN",0.667614706030276,"Endothelial",0.318366298901385,2.09700181311299,47,"ExN/Endothelial: 2.097"
"THOC3","ExN",0.647696874252648,"InN",0.311228373632338,2.08109841237608,48,"ExN/InN: 2.081"
"NPTX1","ExN",0.507420461131301,"Endothelial",0.2441133318288,2.0786265843406,49,"ExN/Endothelial: 2.079"
"MIR4500HG","ExN",0.747551708847278,"InN",0.362687043405507,2.0611480956916,50,"ExN/InN: 2.061"
"SPICE1","ExN",0.490249020812767,"Astrocyte",0.238343884233905,2.05689784064964,51,"ExN/Astrocyte: 2.057"
"AC096576.3","ExN",0.493938122061845,"InN",0.241283217809222,2.04713003476434,52,"ExN/InN: 2.047"
"LINC00923","ExN",0.725250398483888,"Astrocyte",0.356086217446796,2.03672695810601,53,"ExN/Astrocyte: 2.037"
"LRGUK","ExN",0.52443575489611,"InN",0.258528997298795,2.02853745759897,54,"ExN/InN: 2.029"
"KCNMA1-AS1","ExN",0.463137078255126,"InN",0.228512450631869,2.02674767599965,55,"ExN/InN: 2.027"
"PALMD","ExN",0.723784283184067,"Endothelial",0.362142457655823,1.99861758234365,56,"ExN/Endothelial: 1.999"
"COX7A2L","ExN",0.882454094240554,"InN",0.448921391351371,1.96572075031697,57,"ExN/InN: 1.966"
"CAMKK2","ExN",0.736394727490995,"Endothelial",0.375499511663465,1.96110701776618,58,"ExN/Endothelial: 1.961"
"AC096576.2","ExN",0.705664524878067,"InN",0.360248021626317,1.95882970208244,59,"ExN/InN: 1.959"
"KIAA1211L","ExN",1.29822882891711,"InN",0.666068012706815,1.94909349218149,60,"ExN/InN: 1.949"
"NT5DC3","ExN",0.694906163271247,"InN",0.360049362262551,1.93003025725266,61,"ExN/InN: 1.93"
"PPFIA2-AS1","ExN",0.463491530696729,"InN",0.240519351279212,1.92704465662173,62,"ExN/InN: 1.927"
"EPHX4","ExN",0.513736215638461,"InN",0.269498425959231,1.9062679635694,63,"ExN/InN: 1.906"
"MEIS3","ExN",0.672294373989686,"InN",0.354460593292368,1.89666887296315,64,"ExN/InN: 1.897"
"ARNTL2","ExN",0.771425969398847,"InN",0.408133249893533,1.89013262114783,65,"ExN/InN: 1.89"
"CLSTN2","ExN",1.26291885876813,"InN",0.669062370826252,1.88759510897093,66,"ExN/InN: 1.888"
"AC090568.2","ExN",1.22206488091705,"OPC",0.649148187763097,1.88256688373138,67,"ExN/OPC: 1.883"
"LRRIQ1","ExN",0.51369384099014,"Astrocyte",0.273893782262488,1.8755220974598,68,"ExN/Astrocyte: 1.876"
"AC090579.1","ExN",0.717617876891689,"InN",0.391307533940009,1.83389741992983,69,"ExN/InN: 1.834"
"CPNE4","ExN",0.900657685790409,"InN",0.491393601428045,1.83286408934304,70,"ExN/InN: 1.833"
"LINC01776","ExN",0.505471854991901,"InN",0.276127693857612,1.83057283364179,71,"ExN/InN: 1.831"
"FAM153A","ExN",0.719914050937533,"InN",0.39443908364093,1.82515901895993,72,"ExN/InN: 1.825"
"ZMIZ1-AS1","ExN",0.49969359668859,"InN",0.27394034592252,1.82409639224855,73,"ExN/InN: 1.824"
"TNFSF13B","ExN",0.466651355869826,"InN",0.256089069018999,1.82222286041895,74,"ExN/InN: 1.822"
"TMEM178A","ExN",1.02442730436664,"InN",0.562703881041145,1.82054423095712,75,"ExN/InN: 1.821"
"LINC00159","ExN",0.597366205019619,"InN",0.328468348819181,1.81864160479116,76,"ExN/InN: 1.819"
"ANO3","ExN",1.15649276240345,"InN",0.641961438040178,1.80149880331452,77,"ExN/InN: 1.801"
"AC079760.1","ExN",0.821167262742957,"InN",0.457347402888983,1.7955000018712,78,"ExN/InN: 1.796"
"SLIT3","ExN",1.28011859712791,"InN",0.723617296466702,1.7690547246155,79,"ExN/InN: 1.769"
"PTK2B","ExN",1.03391673850321,"InN",0.588269712246173,1.75755561943762,80,"ExN/InN: 1.758"
"PPARG","ExN",0.704885195676259,"InN",0.401812394697436,1.75426444026705,81,"ExN/InN: 1.754"
"CEMIP2","ExN",0.99149450158736,"Endothelial",0.569874747841461,1.73984635280452,82,"ExN/Endothelial: 1.74"
"CDH22","ExN",0.591370904628435,"InN",0.342079670918694,1.72875196892069,83,"ExN/InN: 1.729"
"GRM1","ExN",1.3271392502545,"InN",0.772026805413481,1.71903260476003,84,"ExN/InN: 1.719"
"C2orf80","ExN",0.51805453230421,"InN",0.302209380129665,1.71422386718087,85,"ExN/InN: 1.714"
"SNTB2","ExN",0.600626253997603,"InN",0.350464060426989,1.71380270281018,86,"ExN/InN: 1.714"
"LAMB1","ExN",0.768959179029738,"InN",0.449752087199736,1.70974010107982,87,"ExN/InN: 1.71"
"COL26A1","ExN",0.57042197459054,"InN",0.334820525995776,1.70366489000061,88,"ExN/InN: 1.704"
"AC087280.2","ExN",0.696944181432358,"InN",0.410269869996968,1.69874570959234,89,"ExN/InN: 1.699"
"AC004784.1","ExN",0.603469389552886,"InN",0.355730276366819,1.69642403147773,90,"ExN/InN: 1.696"
"RMDN2","ExN",0.561987724322453,"InN",0.331698563247482,1.69427241052941,91,"ExN/InN: 1.694"
"CFAP44","ExN",0.727842716123802,"Astrocyte",0.430698972026785,1.68991050222088,92,"ExN/Astrocyte: 1.69"
"MICAL2","ExN",1.10581911298377,"InN",0.654672360888245,1.68911837286581,93,"ExN/InN: 1.689"
"CDH9","ExN",1.35608590836691,"InN",0.80298797210447,1.68879977717833,94,"ExN/InN: 1.689"
"AC139491.7","ExN",0.75051650443873,"InN",0.444861369110136,1.6870795185925,95,"ExN/InN: 1.687"
"CCNYL1","ExN",0.535629035454038,"InN",0.31770088310524,1.68595387654811,96,"ExN/InN: 1.686"
"VPS37B","ExN",0.725067036054604,"Microglia",0.430339952759739,1.68487037144658,97,"ExN/Microglia: 1.685"
"POLN","ExN",0.914315313201156,"InN",0.545418486743746,1.67635556077278,98,"ExN/InN: 1.676"
"USP28","ExN",0.671987391580899,"InN",0.404157296688876,1.6626877631216,99,"ExN/InN: 1.663"
"NRG4","ExN",0.575146381164114,"InN",0.346094701583396,1.66181793171869,100,"ExN/InN: 1.662"
"F11-AS1","Astrocyte",0.854301677283505,"Endothelial",0.228264209391216,3.74260020684775,1,"Astrocyte/Endothelial: 3.743"
"GLI2","Astrocyte",0.753532660769024,"Microglia",0.202197769347884,3.7267110473042,2,"Astrocyte/Microglia: 3.727"
"LINC00299","Astrocyte",0.985302815067273,"Microglia",0.265284585198282,3.7141351968522,3,"Astrocyte/Microglia: 3.714"
"LINC02060","Astrocyte",0.735698703509066,"Microglia",0.199019803166408,3.69661054731282,4,"Astrocyte/Microglia: 3.697"
"CD38","Astrocyte",0.835806612964937,"Endothelial",0.242282372361769,3.44972110359286,5,"Astrocyte/Endothelial: 3.45"
"PAPLN","Astrocyte",1.07496025863352,"Microglia",0.312481358268282,3.4400780404654,6,"Astrocyte/Microglia: 3.44"
"PAMR1","Astrocyte",1.19568671100752,"Endothelial",0.356011966344418,3.35855764424157,7,"Astrocyte/Endothelial: 3.359"
"LAMA1","Astrocyte",0.750764700670816,"Microglia",0.227090380970484,3.30601717898565,8,"Astrocyte/Microglia: 3.306"
"WDR49","Astrocyte",1.05706904754838,"Microglia",0.340279436055669,3.10647349073261,9,"Astrocyte/Microglia: 3.106"
"MRVI1","Astrocyte",1.20548801719708,"Endothelial",0.388751869041444,3.10091889762352,10,"Astrocyte/Endothelial: 3.101"
"LINC01748","Astrocyte",1.27476868342541,"Endothelial",0.411529157932293,3.09763879145386,11,"Astrocyte/Endothelial: 3.098"
"AC091826.2","Astrocyte",1.39442115167102,"Endothelial",0.45874653827334,3.03963307694797,12,"Astrocyte/Endothelial: 3.04"
"PLCH1","Astrocyte",0.941447898356919,"Endothelial",0.312700613044648,3.01070052018893,13,"Astrocyte/Endothelial: 3.011"
"PRDM16","Astrocyte",1.19699447806108,"Endothelial",0.398613132029791,3.00289775192761,14,"Astrocyte/Endothelial: 3.003"
"AL022068.1","Astrocyte",0.879541874047664,"Endothelial",0.296522427337829,2.96619005160645,15,"Astrocyte/Endothelial: 2.966"
"SLCO1C1","Astrocyte",1.07061077126165,"Endothelial",0.364488371370037,2.93729747052681,16,"Astrocyte/Endothelial: 2.937"
"FGFR3","Astrocyte",0.783284928042515,"Endothelial",0.268311575720636,2.91931097619905,17,"Astrocyte/Endothelial: 2.919"
"AC027117.2","Astrocyte",1.31401546361115,"Microglia",0.456844448967122,2.87628637402075,18,"Astrocyte/Microglia: 2.876"
"SHROOM3","Astrocyte",1.0297972193544,"Microglia",0.359510018290015,2.86444651599017,19,"Astrocyte/Microglia: 2.864"
"FRMPD2","Astrocyte",0.89305041488116,"Microglia",0.31323736215717,2.85103414462117,20,"Astrocyte/Microglia: 2.851"
"BOC","Astrocyte",0.958924166970149,"Endothelial",0.343864836759595,2.78866596540244,21,"Astrocyte/Endothelial: 2.789"
"STOX1","Astrocyte",1.06506063788876,"Endothelial",0.384123460970543,2.7727039509582,22,"Astrocyte/Endothelial: 2.773"
"EYA1","Astrocyte",1.13127820245401,"Endothelial",0.412748478408787,2.74084160604365,23,"Astrocyte/Endothelial: 2.741"
"GLI3","Astrocyte",1.40652453431358,"Endothelial",0.514449259414685,2.73403938012051,24,"Astrocyte/Endothelial: 2.734"
"AC099792.1","Astrocyte",1.01226642036643,"OPC",0.372343832823612,2.71863350787916,25,"Astrocyte/OPC: 2.719"
"ACOT11","Astrocyte",1.22516710137181,"OPC",0.455583546664256,2.68922596160986,26,"Astrocyte/OPC: 2.689"
"EFEMP1","Astrocyte",1.32818506180496,"Endothelial",0.502837423679904,2.64138069136727,27,"Astrocyte/Endothelial: 2.641"
"AC002429.2","Astrocyte",1.3337529082775,"Endothelial",0.507863361543213,2.62620422986353,28,"Astrocyte/Endothelial: 2.626"
"ARHGEF26","Astrocyte",1.40905111955925,"Endothelial",0.542063320763469,2.59942162767012,29,"Astrocyte/Endothelial: 2.599"
"AF279873.3","Astrocyte",0.980991182359233,"InN",0.381056708605029,2.57439682915029,30,"Astrocyte/InN: 2.574"
"AL445426.1","Astrocyte",0.7624820503877,"Endothelial",0.296950923237277,2.56770392250454,31,"Astrocyte/Endothelial: 2.568"
"GNA14","Astrocyte",1.38452154045216,"Endothelial",0.548700392577801,2.52327419331279,32,"Astrocyte/Endothelial: 2.523"
"SLC16A9","Astrocyte",0.751987793126242,"Endothelial",0.300273738837751,2.50434085923368,33,"Astrocyte/Endothelial: 2.504"
"RORB","Astrocyte",1.04061712000733,"Endothelial",0.417570805576302,2.49207345463517,34,"Astrocyte/Endothelial: 2.492"
"ADGRA3","Astrocyte",1.43826604982519,"OPC",0.593095546753085,2.42501576297277,35,"Astrocyte/OPC: 2.425"
"RNF219-AS1","Astrocyte",1.62106130296992,"Endothelial",0.676003163856409,2.39800845564423,36,"Astrocyte/Endothelial: 2.398"
"KATNAL2","Astrocyte",1.16015710485432,"Oligodendrocyte",0.486392497631343,2.38522820665225,37,"Astrocyte/Oligodendrocyte: 2.385"
"PHF21B","Astrocyte",1.1820852093163,"OPC",0.499451154472471,2.36676839913372,38,"Astrocyte/OPC: 2.367"
"PLEKHA7","Astrocyte",0.891104613629535,"Endothelial",0.378313664706372,2.35546504597228,39,"Astrocyte/Endothelial: 2.355"
"FAM189A2","Astrocyte",1.42548558331299,"Endothelial",0.61857612486936,2.30446266191416,40,"Astrocyte/Endothelial: 2.304"
"MAPK4","Astrocyte",1.44385844235198,"InN",0.642881967312296,2.24591529357767,41,"Astrocyte/InN: 2.246"
"EGLN3","Astrocyte",1.28537442928131,"Endothelial",0.575719793041485,2.23263894140373,42,"Astrocyte/Endothelial: 2.233"
"LGR4","Astrocyte",1.30947975582751,"Microglia",0.586838033777418,2.231415962252,43,"Astrocyte/Microglia: 2.231"
"ARMH1","Astrocyte",0.87302893316186,"ExN",0.394640340470047,2.21221411911924,44,"Astrocyte/ExN: 2.212"
"AL160272.2","Astrocyte",0.860807530944816,"Microglia",0.390406361345278,2.20490139550649,45,"Astrocyte/Microglia: 2.205"
"ITGB4","Astrocyte",0.935400170926339,"Endothelial",0.425985236091,2.19585115087537,46,"Astrocyte/Endothelial: 2.196"
"RANBP3L","Astrocyte",1.44094593729556,"Endothelial",0.658450507988348,2.18838913451193,47,"Astrocyte/Endothelial: 2.188"
"SDC2","Astrocyte",0.81230217931003,"Endothelial",0.37356108915565,2.17448284334445,48,"Astrocyte/Endothelial: 2.174"
"TPD52L1","Astrocyte",1.51593502473462,"Endothelial",0.707726625326772,2.14197823069703,49,"Astrocyte/Endothelial: 2.142"
"TGFB2","Astrocyte",0.792882495471927,"Endothelial",0.370405199247285,2.14058144184578,50,"Astrocyte/Endothelial: 2.141"
"LINC02340","Astrocyte",0.804685087940589,"Oligodendrocyte",0.375944502558803,2.1404358421619,51,"Astrocyte/Oligodendrocyte: 2.14"
"EMX2OS","Astrocyte",0.935613470574869,"Endothelial",0.438217767345269,2.13504230155439,52,"Astrocyte/Endothelial: 2.135"
"MID1","Astrocyte",1.00987297920192,"Endothelial",0.473946082526009,2.13077608705944,53,"Astrocyte/Endothelial: 2.131"
"BMPR1B","Astrocyte",1.66480146329893,"Endothelial",0.786650088172071,2.11631764660119,54,"Astrocyte/Endothelial: 2.116"
"ACSBG1","Astrocyte",1.02797873941685,"Oligodendrocyte",0.486032546570672,2.11504095079643,55,"Astrocyte/Oligodendrocyte: 2.115"
"SUCLG2-AS1","Astrocyte",1.02127446632285,"Microglia",0.48505181582636,2.10549560480039,56,"Astrocyte/Microglia: 2.105"
"RFX2","Astrocyte",0.832196007206606,"ExN",0.395639602100053,2.10341938165268,57,"Astrocyte/ExN: 2.103"
"ADHFE1","Astrocyte",0.811495543745057,"OPC",0.385920395343229,2.10275371174237,58,"Astrocyte/OPC: 2.103"
"EYA2","Astrocyte",0.948108984676275,"OPC",0.450921886005356,2.1026013908427,59,"Astrocyte/OPC: 2.103"
"RFX4","Astrocyte",1.6595244295003,"Endothelial",0.790179830344003,2.1001857624964,60,"Astrocyte/Endothelial: 2.1"
"SLC25A18","Astrocyte",1.23815685208421,"Endothelial",0.592729813511558,2.08890598019509,61,"Astrocyte/Endothelial: 2.089"
"ACSS3","Astrocyte",1.29141623833189,"Endothelial",0.618473967663924,2.0880688692683,62,"Astrocyte/Endothelial: 2.088"
"GPAM","Astrocyte",0.742752910846596,"Endothelial",0.358960366381322,2.06917804975041,63,"Astrocyte/Endothelial: 2.069"
"NADK2","Astrocyte",0.991311040556781,"Endothelial",0.48588295687814,2.0402259978948,64,"Astrocyte/Endothelial: 2.04"
"ZBTB7C","Astrocyte",0.808860528680037,"OPC",0.396951521450047,2.03768088789609,65,"Astrocyte/OPC: 2.038"
"ACACB","Astrocyte",1.530341018441,"Endothelial",0.753445966827062,2.03112245047329,66,"Astrocyte/Endothelial: 2.031"
"LRRC3B","Astrocyte",0.906392504166804,"ExN",0.44874968015975,2.0198176048708,67,"Astrocyte/ExN: 2.02"
"PLPP3","Astrocyte",0.976686966410208,"OPC",0.484385372106818,2.01634281845081,68,"Astrocyte/OPC: 2.016"
"ECHDC2","Astrocyte",1.24513223836939,"Microglia",0.617979514226279,2.01484387379461,69,"Astrocyte/Microglia: 2.015"
"ALDH1L1","Astrocyte",1.41113654609861,"Endothelial",0.705214083663165,2.00100448755731,70,"Astrocyte/Endothelial: 2.001"
"STON2","Astrocyte",1.52765889253053,"Endothelial",0.765584737804366,1.99541450749362,71,"Astrocyte/Endothelial: 1.995"
"GPR75-ASB3","Astrocyte",1.41965758444434,"OPC",0.719936926977054,1.9719193880016,72,"Astrocyte/OPC: 1.972"
"MGAT4C","Astrocyte",1.64768411663923,"InN",0.838913817108796,1.96406839777386,73,"Astrocyte/InN: 1.964"
"PLOD2","Astrocyte",0.769619860481507,"Endothelial",0.392500964097041,1.96081011482873,74,"Astrocyte/Endothelial: 1.961"
"PSD2","Astrocyte",0.969310098554905,"OPC",0.502308571122631,1.92971044947243,75,"Astrocyte/OPC: 1.93"
"IQCA1","Astrocyte",1.12402162635186,"ExN",0.582813761061909,1.92861202231027,76,"Astrocyte/ExN: 1.929"
"FGD6","Astrocyte",0.815437729925169,"Endothelial",0.430225018449498,1.89537496648603,77,"Astrocyte/Endothelial: 1.895"
"PTCHD1-AS","Astrocyte",1.17825132464361,"InN",0.621839083271401,1.89478493124782,78,"Astrocyte/InN: 1.895"
"CDHR3","Astrocyte",1.43169677557683,"ExN",0.762289655572864,1.87815322575892,79,"Astrocyte/ExN: 1.878"
"TULP3","Astrocyte",0.756643246217435,"Oligodendrocyte",0.408161908592795,1.85378211510743,80,"Astrocyte/Oligodendrocyte: 1.854"
"SFXN5","Astrocyte",1.52101788654568,"ExN",0.82702405197189,1.83914589052046,81,"Astrocyte/ExN: 1.839"
"LRIG1","Astrocyte",1.51463591277458,"Endothelial",0.824359557806615,1.83734864044592,82,"Astrocyte/Endothelial: 1.837"
"GAN","Astrocyte",1.09081407202385,"Endothelial",0.597605982333466,1.8253064799729,83,"Astrocyte/Endothelial: 1.825"
"CAPN2","Astrocyte",1.02829779257847,"Endothelial",0.563644029183767,1.82437449761968,84,"Astrocyte/Endothelial: 1.824"
"MFHAS1","Astrocyte",1.00891334625659,"Endothelial",0.553284458144766,1.82349843991572,85,"Astrocyte/Endothelial: 1.823"
"SLC4A4","Astrocyte",1.60504672219053,"ExN",0.881412317055703,1.82099420569942,86,"Astrocyte/ExN: 1.821"
"RYR3","Astrocyte",1.77832591157572,"Endothelial",0.979639022336962,1.81528692817224,87,"Astrocyte/Endothelial: 1.815"
"KIAA1671","Astrocyte",1.14806172496917,"ExN",0.637855688173685,1.79987690986391,88,"Astrocyte/ExN: 1.8"
"SYTL4","Astrocyte",0.848458742044803,"Endothelial",0.476646317648883,1.78005936609336,89,"Astrocyte/Endothelial: 1.78"
"ZNRF3","Astrocyte",1.48812750956451,"Endothelial",0.839787761153989,1.77202809852767,90,"Astrocyte/Endothelial: 1.772"
"F3","Astrocyte",0.771136183449923,"Endothelial",0.437401800507615,1.76299270500259,91,"Astrocyte/Endothelial: 1.763"
"SEMA4B","Astrocyte",0.804146729431512,"ExN",0.458405079436709,1.75422735371879,92,"Astrocyte/ExN: 1.754"
"WWC1","Astrocyte",1.22209232760845,"ExN",0.697093635153971,1.75312506954467,93,"Astrocyte/ExN: 1.753"
"LINC00598","Astrocyte",0.86109801882298,"ExN",0.491389352579829,1.75237419024681,94,"Astrocyte/ExN: 1.752"
"SLC14A1","Astrocyte",1.50272579018243,"Endothelial",0.863402977856538,1.74046862093649,95,"Astrocyte/Endothelial: 1.74"
"SLC1A4","Astrocyte",0.762771102981824,"ExN",0.438423453322816,1.73980451365175,96,"Astrocyte/ExN: 1.74"
"RGS20","Astrocyte",1.16341266992842,"ExN",0.670128129144511,1.73610481239407,97,"Astrocyte/ExN: 1.736"
"ZNF680","Astrocyte",0.969930289061296,"Oligodendrocyte",0.561444715255672,1.72756152601705,98,"Astrocyte/Oligodendrocyte: 1.728"
"TP53BP2","Astrocyte",0.843044576110571,"Endothelial",0.488574422359083,1.72551926079128,99,"Astrocyte/Endothelial: 1.726"
"FAM184A","Astrocyte",1.24570443026393,"InN",0.72582646395375,1.71625656011257,100,"Astrocyte/InN: 1.716"
"DLX6-AS1","InN",1.04063042306158,"Endothelial",0.132818766445168,7.83496527571787,1,"InN/Endothelial: 7.835"
"SV2C","InN",0.775386413246515,"Endothelial",0.105792356037987,7.32932361358977,2,"InN/Endothelial: 7.329"
"GAD2","InN",1.1898631472968,"Endothelial",0.187495396807715,6.34609258443323,3,"InN/Endothelial: 6.346"
"PTCHD4","InN",0.77454828105173,"ExN",0.239609259372816,3.23254736932593,4,"InN/ExN: 3.233"
"GAD1","InN",1.03303549496251,"OPC",0.334862994636987,3.08494970034651,5,"InN/OPC: 3.085"
"SLC35F4","InN",0.947242861900854,"ExN",0.31691798119246,2.98892116609063,6,"InN/ExN: 2.989"
"SCG2","InN",0.63030728484122,"Endothelial",0.212024082042567,2.97280987503428,7,"InN/Endothelial: 2.973"
"BCL11A","InN",0.65332864040134,"ExN",0.271472163965902,2.40661374211243,8,"InN/ExN: 2.407"
"ENTPD3","InN",0.757122086880963,"ExN",0.316617830865491,2.39128063258892,9,"InN/ExN: 2.391"
"ZNF804B","InN",0.98317195484486,"ExN",0.412926655278602,2.38098447333586,10,"InN/ExN: 2.381"
"BTBD11","InN",0.636479470271499,"OPC",0.28580437307684,2.22697596758037,11,"InN/OPC: 2.227"
"RPH3A","InN",0.850501626954924,"ExN",0.386882909362985,2.19834375303707,12,"InN/ExN: 2.198"
"RERG","InN",0.948476836335032,"ExN",0.447588554687302,2.11908197026545,13,"InN/ExN: 2.119"
"PWRN1","InN",1.07992252266676,"ExN",0.552268647582278,1.95542971232288,14,"InN/ExN: 1.955"
"TRMT9B","InN",0.837957691310557,"ExN",0.438611665036685,1.91047744076864,15,"InN/ExN: 1.91"
"VAT1L","InN",0.883199269296887,"OPC",0.481504275768349,1.83425010689166,16,"InN/OPC: 1.834"
"DCX","InN",0.915833302647977,"ExN",0.500336296572192,1.83043546694965,17,"InN/ExN: 1.83"
"ANKRD55","InN",0.800570973786228,"OPC",0.445465347407119,1.79715656547932,18,"InN/OPC: 1.797"
"GRM8","InN",0.798886171841936,"Endothelial",0.469364694357949,1.70205850896976,19,"InN/Endothelial: 1.702"
"SYNPR","InN",1.10486232538756,"ExN",0.674150881400629,1.63889472797554,20,"InN/ExN: 1.639"
"VSTM2A","InN",1.00498119181179,"ExN",0.614552667224017,1.63530523161077,21,"InN/ExN: 1.635"
"PDE10A","InN",1.27105819007563,"Oligodendrocyte",0.788488386955674,1.61201890998439,22,"InN/Oligodendrocyte: 1.612"
"NHS","InN",0.967179557247238,"Endothelial",0.612394340958043,1.57934110843376,23,"InN/Endothelial: 1.579"
"GPR176","InN",0.644378905882873,"ExN",0.411765845230221,1.56491586989833,24,"InN/ExN: 1.565"
"FGF13","InN",1.09183123209015,"ExN",0.717036863165434,1.52269888506171,25,"InN/ExN: 1.523"
"UNC5D","InN",1.57762116410055,"ExN",1.05826665706181,1.49075958651167,26,"InN/ExN: 1.491"
"ZNF385D","InN",1.19748703763269,"OPC",0.806492418839298,1.48480879628864,27,"InN/OPC: 1.485"
"PLCXD3","InN",0.740688517637497,"ExN",0.500472379458345,1.47997881209575,28,"InN/ExN: 1.48"
"SLC22A17","InN",0.606525757920007,"Endothelial",0.411012267541281,1.47568772472002,29,"InN/Endothelial: 1.476"
"GPR155","InN",1.12952149474364,"ExN",0.774933792362337,1.45757160918272,30,"InN/ExN: 1.458"
"PCDH10","InN",0.756256873251369,"ExN",0.521223018269431,1.45092761974001,31,"InN/ExN: 1.451"
"RIPOR2","InN",1.11484089509267,"ExN",0.782397347491962,1.42490372528279,32,"InN/ExN: 1.425"
"GABRG3","InN",1.21124595038793,"ExN",0.851275708089375,1.42285976080121,33,"InN/ExN: 1.423"
"GREB1","InN",0.646797651335396,"Astrocyte",0.456713846130858,1.41619891057578,34,"InN/Astrocyte: 1.416"
"FSTL5","InN",1.20467330048156,"Astrocyte",0.855537081049992,1.40809010756503,35,"InN/Astrocyte: 1.408"
"CACNB4","InN",0.847543078843907,"ExN",0.602777806428934,1.40606218378385,36,"InN/ExN: 1.406"
"NYAP2","InN",1.12828448721637,"ExN",0.802846955292433,1.40535438264868,37,"InN/ExN: 1.405"
"PRMT8","InN",0.645468629910806,"ExN",0.459597215616818,1.40442241157735,38,"InN/ExN: 1.404"
"N4BP2","InN",0.653085143882725,"ExN",0.467742890880265,1.39624814532971,39,"InN/ExN: 1.396"
"NETO2","InN",0.799478095447085,"OPC",0.577341417052516,1.38475791244743,40,"InN/OPC: 1.385"
"DGKD","InN",0.799141663065004,"Oligodendrocyte",0.578933299425632,1.38036914417921,41,"InN/Oligodendrocyte: 1.38"
"CACNG2","InN",0.771569759850879,"ExN",0.563061358768966,1.37031204119171,42,"InN/ExN: 1.37"
"AF241726.2","InN",0.746681406787165,"ExN",0.550173382113721,1.35717472175494,43,"InN/ExN: 1.357"
"WSCD2","InN",0.656361718472225,"ExN",0.487264108856559,1.34703481447152,44,"InN/ExN: 1.347"
"SPOCK2","InN",0.65654017235508,"Endothelial",0.490761905532631,1.33779774867108,45,"InN/Endothelial: 1.338"
"GRIP1","InN",1.65671294360177,"ExN",1.25400368046162,1.32113882073448,46,"InN/ExN: 1.321"
"AC008056.1","InN",0.645647378299414,"ExN",0.489759022200632,1.318296037505,47,"InN/ExN: 1.318"
"ERO1B","InN",0.799895031332593,"OPC",0.612812283380875,1.30528557116967,48,"InN/OPC: 1.305"
"HACD2","InN",0.760716629055155,"ExN",0.584671135525486,1.30110173537376,49,"InN/ExN: 1.301"
"TXNDC16","InN",0.932100854514704,"ExN",0.716459488588704,1.30098193877057,50,"InN/ExN: 1.301"
"ADCY5","InN",0.868263391023357,"Oligodendrocyte",0.670917410811375,1.29414347732208,51,"InN/Oligodendrocyte: 1.294"
"ADCYAP1R1","InN",0.653570769324739,"Astrocyte",0.506713586618361,1.28982286361503,52,"InN/Astrocyte: 1.29"
"INPP5F","InN",0.875219109747617,"ExN",0.681239214991467,1.2847456377839,53,"InN/ExN: 1.285"
"SV2A","InN",0.663117135010454,"ExN",0.518346094598623,1.27929416642742,54,"InN/ExN: 1.279"
"CALY","InN",0.553181040489299,"Endothelial",0.438312956631702,1.26206864779979,55,"InN/Endothelial: 1.262"
"MTCL1","InN",0.58457405661717,"ExN",0.464045967448523,1.25973308168445,56,"InN/ExN: 1.26"
"TENM3","InN",1.23699234610311,"ExN",0.984076573160702,1.25700822460399,57,"InN/ExN: 1.257"
"RAB3C","InN",1.24434657893637,"ExN",0.993226108477002,1.25283313468716,58,"InN/ExN: 1.253"
"POT1-AS1","InN",0.671643926936201,"ExN",0.536654100124116,1.2515397288139,59,"InN/ExN: 1.252"
"SPTB","InN",0.576298524334153,"ExN",0.461519507286081,1.24869808369102,60,"InN/ExN: 1.249"
"NRSN1","InN",0.926936839851894,"ExN",0.742496393371121,1.24840584833465,61,"InN/ExN: 1.248"
"USP13","InN",0.642086101531205,"OPC",0.51712303125636,1.24165056035359,62,"InN/OPC: 1.242"
"HSPA4L","InN",0.775145948858348,"ExN",0.624919759126091,1.24039276649268,63,"InN/ExN: 1.24"
"CLVS2","InN",1.07637327632969,"ExN",0.868082821427548,1.23994306736725,64,"InN/ExN: 1.24"
"MARCH4","InN",0.893727752124276,"ExN",0.722178783668251,1.23754362816456,65,"InN/ExN: 1.238"
"ZMAT4","InN",0.721006349553279,"ExN",0.587395783158786,1.22746259034409,66,"InN/ExN: 1.227"
"TTC39B","InN",0.650696047178523,"ExN",0.538670420945677,1.20796691608976,67,"InN/ExN: 1.208"
"ADAMTS19","InN",0.663044276269422,"ExN",0.548954839209373,1.20783027839661,68,"InN/ExN: 1.208"
"MAST2","InN",0.722758890128961,"ExN",0.599134252830205,1.20633879087162,69,"InN/ExN: 1.206"
"GABRA1","InN",0.893903460489232,"ExN",0.743557548978672,1.20219808368171,70,"InN/ExN: 1.202"
"ARHGEF3","InN",0.696758596537049,"Astrocyte",0.579957732978252,1.20139547576854,71,"InN/Astrocyte: 1.201"
"SCAMP5","InN",0.767434443699461,"ExN",0.639183294476454,1.20064846864944,72,"InN/ExN: 1.201"
"SLC38A1","InN",0.968219959000049,"OPC",0.807481105271659,1.19906206186003,73,"InN/OPC: 1.199"
"SNX25","InN",0.72155869197438,"OPC",0.602935340142041,1.19674307331926,74,"InN/OPC: 1.197"
"SNRPN","InN",1.36864751665172,"ExN",1.14724305003813,1.19298828317699,75,"InN/ExN: 1.193"
"DGKE","InN",0.756239380645537,"ExN",0.634649883525855,1.19158515628204,76,"InN/ExN: 1.192"
"TSPYL2","InN",0.634340599789663,"ExN",0.534766098097125,1.18620197137937,77,"InN/ExN: 1.186"
"ZSWIM5","InN",1.04958890364208,"OPC",0.887593028970736,1.18251143191063,78,"InN/OPC: 1.183"
"PRKCB","InN",1.12638192915311,"Microglia",0.956233580762356,1.1779359685895,79,"InN/Microglia: 1.178"
"BTBD8","InN",0.958466534274877,"Oligodendrocyte",0.814145039859167,1.17726754736561,80,"InN/Oligodendrocyte: 1.177"
"TRERF1","InN",1.01388719545234,"ExN",0.862125938740476,1.17603142405572,81,"InN/ExN: 1.176"
"SLC16A10","InN",0.70027217972245,"ExN",0.595680459389287,1.17558360138319,82,"InN/ExN: 1.176"
"PKNOX2","InN",0.947466601965221,"ExN",0.807967496306879,1.17265435341889,83,"InN/ExN: 1.173"
"CD99L2","InN",0.61432575280849,"Oligodendrocyte",0.524196937088696,1.17193693694655,84,"InN/Oligodendrocyte: 1.172"
"AP001831.1","InN",0.570396652006026,"ExN",0.487255576511588,1.17063134728939,85,"InN/ExN: 1.171"
"ELAVL2","InN",0.731316408015326,"ExN",0.625627698568102,1.16893227344172,86,"InN/ExN: 1.169"
"NRG2","InN",1.02550714139242,"OPC",0.877541607876029,1.16861369556542,87,"InN/OPC: 1.169"
"SLC30A7","InN",0.644314581378095,"ExN",0.552694467206149,1.16576991377367,88,"InN/ExN: 1.166"
"SPAG16","InN",1.08141296609418,"ExN",0.927844534093985,1.16551095184297,89,"InN/ExN: 1.166"
"KIAA1549L","InN",1.27928802814616,"ExN",1.0986939692917,1.16437157561799,90,"InN/ExN: 1.164"
"TUBE1","InN",0.568986443099922,"ExN",0.489016973411427,1.16353107159169,91,"InN/ExN: 1.164"
"FNBP1L","InN",0.986161567597606,"Microglia",0.849485358827549,1.16089295401006,92,"InN/Microglia: 1.161"
"SLC9A7","InN",0.724323717196675,"OPC",0.624081154150094,1.16062424314526,93,"InN/OPC: 1.161"
"PIP5K1B","InN",1.00067329407069,"Microglia",0.865058009785813,1.15677016194377,94,"InN/Microglia: 1.157"
"SETBP1","InN",1.32064017951884,"ExN",1.14194742624626,1.15648071808346,95,"InN/ExN: 1.156"
"ME3","InN",1.21025673937175,"ExN",1.04741460173603,1.15547056281803,96,"InN/ExN: 1.155"
"FAIM2","InN",0.643570533689574,"ExN",0.55729346629581,1.15481442473608,97,"InN/ExN: 1.155"
"TPST1","InN",1.22220516326493,"Astrocyte",1.05958600147279,1.15347424519208,98,"InN/Astrocyte: 1.153"
"CEP57","InN",0.825818248747753,"ExN",0.716524130430922,1.15253375800631,99,"InN/ExN: 1.153"
"LINC01551","InN",0.715795289138988,"ExN",0.621297891269585,1.15209676259532,100,"InN/ExN: 1.152"
"OPALIN","Oligodendrocyte",1.20994167547117,"Microglia",0.108942022968586,11.1062897723137,1,"Oligodendrocyte/Microglia: 11.106"
"AC090502.1","Oligodendrocyte",1.20418248504312,"Microglia",0.114164574824057,10.5477770744465,2,"Oligodendrocyte/Microglia: 10.548"
"LRP2","Oligodendrocyte",1.12405695982967,"Microglia",0.112020095335567,10.0344224530648,3,"Oligodendrocyte/Microglia: 10.034"
"FOLH1","Oligodendrocyte",1.43899817169845,"Endothelial",0.146386038975039,9.8301599098792,4,"Oligodendrocyte/Endothelial: 9.83"
"SH3TC2","Oligodendrocyte",1.26559781149624,"Microglia",0.129825947319529,9.74841961585181,5,"Oligodendrocyte/Microglia: 9.748"
"CD22","Oligodendrocyte",1.20785318612063,"OPC",0.125928627370238,9.59156953700028,6,"Oligodendrocyte/OPC: 9.592"
"CDH19","Oligodendrocyte",1.12470946251274,"OPC",0.119499895741263,9.41180287678173,7,"Oligodendrocyte/OPC: 9.412"
"ANLN","Oligodendrocyte",1.09428827650763,"Endothelial",0.117336622622683,9.32605909432479,8,"Oligodendrocyte/Endothelial: 9.326"
"ADAMTS18","Oligodendrocyte",1.10638661631304,"ExN",0.12122262222412,9.12689889076577,9,"Oligodendrocyte/ExN: 9.127"
"PIEZO2","Oligodendrocyte",1.26368332164348,"Microglia",0.139212086335986,9.0773966176586,10,"Oligodendrocyte/Microglia: 9.077"
"AC016597.1","Oligodendrocyte",0.866809876135651,"Microglia",0.0963127151016,8.99995265652366,11,"Oligodendrocyte/Microglia: 9"
"LINC01630","Oligodendrocyte",1.20654254024621,"Microglia",0.138033008188475,8.74097113495311,12,"Oligodendrocyte/Microglia: 8.741"
"TMEM98","Oligodendrocyte",0.828246857142253,"Endothelial",0.0952906491762942,8.69179572499228,13,"Oligodendrocyte/Endothelial: 8.692"
"CARNS1","Oligodendrocyte",0.924558504306863,"Endothelial",0.109456122840987,8.44684134893046,14,"Oligodendrocyte/Endothelial: 8.447"
"GPR37","Oligodendrocyte",0.873764997910754,"Endothelial",0.1049349211328,8.32673230682627,15,"Oligodendrocyte/Endothelial: 8.327"
"CNDP1","Oligodendrocyte",1.05491551354628,"Microglia",0.13383764413795,7.88205381483665,16,"Oligodendrocyte/Microglia: 7.882"
"SLCO1A2","Oligodendrocyte",1.61944164717587,"Microglia",0.208946452398048,7.75051037521706,17,"Oligodendrocyte/Microglia: 7.751"
"MOG","Oligodendrocyte",1.48948236503195,"OPC",0.200741993613567,7.41988429137174,18,"Oligodendrocyte/OPC: 7.42"
"CNTN2","Oligodendrocyte",1.34689157913356,"OPC",0.182482636314277,7.38093007826729,19,"Oligodendrocyte/OPC: 7.381"
"LINC01608","Oligodendrocyte",1.56299138350537,"Microglia",0.21249912073226,7.35528400362028,20,"Oligodendrocyte/Microglia: 7.355"
"LDB3","Oligodendrocyte",1.1965917501409,"ExN",0.168456937437181,7.10325005514907,21,"Oligodendrocyte/ExN: 7.103"
"SLC5A11","Oligodendrocyte",1.34738271068111,"Endothelial",0.195884828988651,6.87844340798427,22,"Oligodendrocyte/Endothelial: 6.878"
"MAG","Oligodendrocyte",0.861902623692701,"Endothelial",0.132987614685194,6.48107438976917,23,"Oligodendrocyte/Endothelial: 6.481"
"CERCAM","Oligodendrocyte",1.27674515506749,"OPC",0.200955136670958,6.35338402500262,24,"Oligodendrocyte/OPC: 6.353"
"ENPP2","Oligodendrocyte",1.81244903171408,"Endothelial",0.295046300093998,6.14293089300443,25,"Oligodendrocyte/Endothelial: 6.143"
"TP53TG5","Oligodendrocyte",1.05060570788918,"ExN",0.175451148350448,5.98802411820465,26,"Oligodendrocyte/ExN: 5.988"
"LINC00877","Oligodendrocyte",0.851663623697009,"ExN",0.148716995086548,5.72674039844184,27,"Oligodendrocyte/ExN: 5.727"
"MYRF","Oligodendrocyte",1.06243779889733,"OPC",0.189928752227183,5.59387552668434,28,"Oligodendrocyte/OPC: 5.594"
"DAPK2","Oligodendrocyte",0.941578039105233,"OPC",0.168382449518775,5.59190130441858,29,"Oligodendrocyte/OPC: 5.592"
"ASPA","Oligodendrocyte",1.1671973692481,"Astrocyte",0.212318318499332,5.49739361868472,30,"Oligodendrocyte/Astrocyte: 5.497"
"CDK18","Oligodendrocyte",1.28255280684156,"OPC",0.235066833198411,5.4561198166098,31,"Oligodendrocyte/OPC: 5.456"
"FAM107B","Oligodendrocyte",1.54192064100411,"Endothelial",0.291396713137497,5.29148261283425,32,"Oligodendrocyte/Endothelial: 5.291"
"HHIP","Oligodendrocyte",1.40755792703496,"ExN",0.277911757371975,5.06476566643056,33,"Oligodendrocyte/ExN: 5.065"
"ABCA8","Oligodendrocyte",1.40308148540827,"Endothelial",0.288987679035245,4.85516022721907,34,"Oligodendrocyte/Endothelial: 4.855"
"ITGA2","Oligodendrocyte",1.0244844330874,"Endothelial",0.226948883530474,4.5141637938476,35,"Oligodendrocyte/Endothelial: 4.514"
"LINC00639","Oligodendrocyte",1.4444338791622,"OPC",0.333466804163585,4.33156722386562,36,"Oligodendrocyte/OPC: 4.332"
"TF","Oligodendrocyte",1.77095594009707,"OPC",0.426738550946203,4.14997880123637,37,"Oligodendrocyte/OPC: 4.15"
"ABCA2","Oligodendrocyte",1.30189362386481,"OPC",0.317140181404261,4.1051046199828,38,"Oligodendrocyte/OPC: 4.105"
"ST18","Oligodendrocyte",1.9891118672255,"OPC",0.503877831257224,3.94760742353453,39,"Oligodendrocyte/OPC: 3.948"
"TMEM63A","Oligodendrocyte",1.28996326822344,"Microglia",0.326915918949958,3.94585639135211,40,"Oligodendrocyte/Microglia: 3.946"
"MAL","Oligodendrocyte",1.09109213718825,"Astrocyte",0.282169411765987,3.86679807127051,41,"Oligodendrocyte/Astrocyte: 3.867"
"ZDHHC9","Oligodendrocyte",0.864594403065997,"Endothelial",0.224896818620496,3.84440477357291,42,"Oligodendrocyte/Endothelial: 3.844"
"MOBP","Oligodendrocyte",1.86657657964475,"Endothelial",0.487438848961773,3.82935538195302,43,"Oligodendrocyte/Endothelial: 3.829"
"FAM124A","Oligodendrocyte",1.31690521206845,"Astrocyte",0.357403574650207,3.68464476987202,44,"Oligodendrocyte/Astrocyte: 3.685"
"PCSK6","Oligodendrocyte",1.54971964952192,"OPC",0.434734614560093,3.56474869407415,45,"Oligodendrocyte/OPC: 3.565"
"AC026316.5","Oligodendrocyte",1.81651494716213,"ExN",0.517410927184959,3.51077809091725,46,"Oligodendrocyte/ExN: 3.511"
"PRR5L","Oligodendrocyte",1.16427972433728,"OPC",0.33276157446239,3.49884065255518,47,"Oligodendrocyte/OPC: 3.499"
"KIF6","Oligodendrocyte",1.42047369665322,"Astrocyte",0.40990021560848,3.46541339224373,48,"Oligodendrocyte/Astrocyte: 3.465"
"AL359091.1","Oligodendrocyte",1.33946035969407,"OPC",0.388803562786558,3.44508252469228,49,"Oligodendrocyte/OPC: 3.445"
"TMTC4","Oligodendrocyte",1.05238613795777,"ExN",0.316022341030106,3.33010044330225,50,"Oligodendrocyte/ExN: 3.33"
"POLR2F","Oligodendrocyte",1.55794838377761,"OPC",0.473214260472847,3.29226845831076,51,"Oligodendrocyte/OPC: 3.292"
"ARHGAP23","Oligodendrocyte",1.07475416729089,"Endothelial",0.329373301219264,3.26302758393713,52,"Oligodendrocyte/Endothelial: 3.263"
"LINC00862","Oligodendrocyte",0.818617491990935,"ExN",0.264276189651514,3.09758322560349,53,"Oligodendrocyte/ExN: 3.098"
"RASGRP3","Oligodendrocyte",0.805225641390292,"Microglia",0.263323473205235,3.05793339115916,54,"Oligodendrocyte/Microglia: 3.058"
"PLEKHH1","Oligodendrocyte",1.75784205544505,"OPC",0.575801850492715,3.05285933683759,55,"Oligodendrocyte/OPC: 3.053"
"SEMA3B","Oligodendrocyte",0.919083168048576,"Astrocyte",0.304274478400069,3.02057265164428,56,"Oligodendrocyte/Astrocyte: 3.021"
"LINC01170","Oligodendrocyte",1.49836095178869,"OPC",0.502654023366671,2.98089915157344,57,"Oligodendrocyte/OPC: 2.981"
"LRRC8C-DT","Oligodendrocyte",0.817736880254538,"ExN",0.274509967314963,2.97889686211756,58,"Oligodendrocyte/ExN: 2.979"
"EMC10","Oligodendrocyte",0.877499190864145,"OPC",0.3017078596536,2.90843994542147,59,"Oligodendrocyte/OPC: 2.908"
"DYSF","Oligodendrocyte",1.11455845367398,"ExN",0.386496077383336,2.88375101041073,60,"Oligodendrocyte/ExN: 2.884"
"SVEP1","Oligodendrocyte",1.10594504026898,"ExN",0.388212349562137,2.84881467968849,61,"Oligodendrocyte/ExN: 2.849"
"AL078590.3","Oligodendrocyte",0.82700824834081,"Microglia",0.290448581801958,2.84734820604049,62,"Oligodendrocyte/Microglia: 2.847"
"CLDND1","Oligodendrocyte",1.385546365471,"Endothelial",0.496190261374939,2.79236912395592,63,"Oligodendrocyte/Endothelial: 2.792"
"TMEM144","Oligodendrocyte",1.92662878746332,"Astrocyte",0.69541802234518,2.77046139955661,64,"Oligodendrocyte/Astrocyte: 2.77"
"PIK3C2B","Oligodendrocyte",1.07953914023683,"InN",0.393901744044521,2.74063051651484,65,"Oligodendrocyte/InN: 2.741"
"TTYH2","Oligodendrocyte",1.20293475319836,"Astrocyte",0.440177620489533,2.73283942027889,66,"Oligodendrocyte/Astrocyte: 2.733"
"PLA2G16","Oligodendrocyte",1.20604010290479,"Microglia",0.44501318616561,2.71012217255055,67,"Oligodendrocyte/Microglia: 2.71"
"PALM2","Oligodendrocyte",1.6912914425745,"InN",0.630419980426144,2.68280114064792,68,"Oligodendrocyte/InN: 2.683"
"HDAC2-AS2","Oligodendrocyte",1.5886807175607,"InN",0.599690630774676,2.64916714724799,69,"Oligodendrocyte/InN: 2.649"
"RNF220","Oligodendrocyte",1.95285693679849,"Endothelial",0.743942318034534,2.62501122662017,70,"Oligodendrocyte/Endothelial: 2.625"
"CNP","Oligodendrocyte",1.32305390499671,"Endothelial",0.509490939931556,2.59681537256472,71,"Oligodendrocyte/Endothelial: 2.597"
"CLMN","Oligodendrocyte",1.796647828359,"Endothelial",0.692375614856716,2.59490338742044,72,"Oligodendrocyte/Endothelial: 2.595"
"VRK2","Oligodendrocyte",1.40187238644975,"Microglia",0.542658537615308,2.58334162143698,73,"Oligodendrocyte/Microglia: 2.583"
"APLP1","Oligodendrocyte",0.956931670924318,"Endothelial",0.376013986481323,2.54493637292359,74,"Oligodendrocyte/Endothelial: 2.545"
"LAMP2","Oligodendrocyte",1.50400587269044,"OPC",0.600932534231308,2.50278656424271,75,"Oligodendrocyte/OPC: 2.503"
"AATK","Oligodendrocyte",1.04775775981048,"InN",0.422823740481157,2.47800125560163,76,"Oligodendrocyte/InN: 2.478"
"ABHD17B","Oligodendrocyte",0.952127388898884,"OPC",0.385802496163415,2.46791401913478,77,"Oligodendrocyte/OPC: 2.468"
"RHOU","Oligodendrocyte",0.937802722393753,"OPC",0.382019707983921,2.45485429886048,78,"Oligodendrocyte/OPC: 2.455"
"PLEKHG3","Oligodendrocyte",0.902241768842665,"Endothelial",0.372586170129192,2.42156537514481,79,"Oligodendrocyte/Endothelial: 2.422"
"FA2H","Oligodendrocyte",1.35998829331626,"OPC",0.595384930107331,2.28421685626321,80,"Oligodendrocyte/OPC: 2.284"
"NDE1","Oligodendrocyte",0.823944904108694,"Microglia",0.363434424447304,2.26710748537845,81,"Oligodendrocyte/Microglia: 2.267"
"ZNF146","Oligodendrocyte",1.00346449800016,"OPC",0.446723458846779,2.24627670234872,82,"Oligodendrocyte/OPC: 2.246"
"NXPE3","Oligodendrocyte",0.890407175453042,"OPC",0.39655720665575,2.24534357340781,83,"Oligodendrocyte/OPC: 2.245"
"NDRG1","Oligodendrocyte",1.09296068740713,"Astrocyte",0.498306559181835,2.19334999162294,84,"Oligodendrocyte/Astrocyte: 2.193"
"LGR5","Oligodendrocyte",0.933066667700969,"OPC",0.426203966688227,2.18924914038521,85,"Oligodendrocyte/OPC: 2.189"
"BIN1","Oligodendrocyte",1.22647669079658,"ExN",0.566747136246782,2.16406332269939,86,"Oligodendrocyte/ExN: 2.164"
"SHROOM4","Oligodendrocyte",1.4916799608561,"OPC",0.690260874874985,2.16103797151513,87,"Oligodendrocyte/OPC: 2.161"
"PRUNE2","Oligodendrocyte",1.8471479077542,"ExN",0.854982581022571,2.16045092467848,88,"Oligodendrocyte/ExN: 2.16"
"LINC00320","Oligodendrocyte",1.37601486399996,"OPC",0.639161439749278,2.1528439896808,89,"Oligodendrocyte/OPC: 2.153"
"FAM102A","Oligodendrocyte",0.825220095135678,"Astrocyte",0.384470275816491,2.14638204054443,90,"Oligodendrocyte/Astrocyte: 2.146"
"AMER2","Oligodendrocyte",1.5182607304149,"Astrocyte",0.711630056240489,2.13349719717546,91,"Oligodendrocyte/Astrocyte: 2.133"
"PLD1","Oligodendrocyte",1.52334012085263,"Microglia",0.714225118861408,2.13285710712763,92,"Oligodendrocyte/Microglia: 2.133"
"UGT8","Oligodendrocyte",1.56280736189646,"OPC",0.734361561795906,2.12811705187096,93,"Oligodendrocyte/OPC: 2.128"
"CUEDC1","Oligodendrocyte",0.80456210316576,"Microglia",0.378244406135243,2.12709584098405,94,"Oligodendrocyte/Microglia: 2.127"
"AC012593.1","Oligodendrocyte",1.37628483043137,"Astrocyte",0.657162957606375,2.09428242188862,95,"Oligodendrocyte/Astrocyte: 2.094"
"AC096564.1","Oligodendrocyte",0.832033553831307,"ExN",0.397958574621665,2.09075418119163,96,"Oligodendrocyte/ExN: 2.091"
"C12orf76","Oligodendrocyte",0.992270400380526,"OPC",0.484332153439678,2.04873947214432,97,"Oligodendrocyte/OPC: 2.049"
"RYBP","Oligodendrocyte",1.45542142688016,"InN",0.71045511262559,2.04857618872139,98,"Oligodendrocyte/InN: 2.049"
"MYO1E","Oligodendrocyte",1.29747329349865,"Microglia",0.633894762193641,2.0468275980206,99,"Oligodendrocyte/Microglia: 2.047"
"QDPR","Oligodendrocyte",1.24759841062459,"ExN",0.611362687306057,2.0406845830289,100,"Oligodendrocyte/ExN: 2.041"
"AC004852.2","OPC",1.40213758603827,"InN",0.0389559703902855,35.9928804748224,1,"OPC/InN: 35.993"
"FERMT1","OPC",0.891857601796482,"InN",0.0442553434857078,20.1525404968217,2,"OPC/InN: 20.153"
"COL9A1","OPC",0.953736202032694,"Microglia",0.080181077341887,11.8947790881634,3,"OPC/Microglia: 11.895"
"PLPP4","OPC",1.32040875579617,"Oligodendrocyte",0.203669445919747,6.48309691143591,4,"OPC/Oligodendrocyte: 6.483"
"LINC02588","OPC",0.955501947835542,"ExN",0.165927042438178,5.75856673990646,5,"OPC/ExN: 5.759"
"MYT1","OPC",1.37819641392703,"InN",0.25647074060662,5.37369842137639,6,"OPC/InN: 5.374"
"ITGA8","OPC",1.38938789447049,"InN",0.27314345956315,5.08665994306655,7,"OPC/InN: 5.087"
"PLEKHH2","OPC",1.11280824925586,"Astrocyte",0.288455153895468,3.85782064985784,8,"OPC/Astrocyte: 3.858"
"BCHE","OPC",0.824988046884607,"Oligodendrocyte",0.217356634720828,3.79555033111466,9,"OPC/Oligodendrocyte: 3.796"
"MEGF11","OPC",1.75282408961135,"ExN",0.489268805680586,3.58253800213796,10,"OPC/ExN: 3.583"
"STK32A","OPC",1.25635113600723,"Astrocyte",0.357637609985704,3.51291670934008,11,"OPC/Astrocyte: 3.513"
"AFAP1L2","OPC",0.82560541712048,"Endothelial",0.238404041744588,3.4630512598649,12,"OPC/Endothelial: 3.463"
"SULF2","OPC",1.13031615234516,"InN",0.3658019356814,3.08996766307333,13,"OPC/InN: 3.09"
"CALCRL","OPC",0.935850324364682,"InN",0.308724314191613,3.03134635448194,14,"OPC/InN: 3.031"
"POU6F2","OPC",1.16058181629635,"Astrocyte",0.387318772882811,2.99645123746042,15,"OPC/Astrocyte: 2.996"
"SMOC1","OPC",1.82744595627948,"Oligodendrocyte",0.634758547403102,2.87896234521906,16,"OPC/Oligodendrocyte: 2.879"
"AL445250.1","OPC",1.54006927940446,"Oligodendrocyte",0.602615762704756,2.55564055027715,17,"OPC/Oligodendrocyte: 2.556"
"AMZ1","OPC",0.90668447694548,"Oligodendrocyte",0.363268710969719,2.49590578424757,18,"OPC/Oligodendrocyte: 2.496"
"TNK2","OPC",1.21836581581457,"ExN",0.488187085697789,2.49569448170284,19,"OPC/ExN: 2.496"
"PRKG2","OPC",0.917470289374745,"InN",0.368538227076624,2.48948473175346,20,"OPC/InN: 2.489"
"NTNG1","OPC",1.34126882134658,"InN",0.565471388619409,2.37194816279081,21,"OPC/InN: 2.372"
"RHBDL3","OPC",0.823980435158703,"ExN",0.357288623269198,2.3062039524776,22,"OPC/ExN: 2.306"
"KLHL1","OPC",0.806883631733091,"ExN",0.350518719107576,2.30197015950368,23,"OPC/ExN: 2.302"
"BCAN","OPC",0.991505974057965,"Astrocyte",0.440348351968836,2.25164002459611,24,"OPC/Astrocyte: 2.252"
"IPO9-AS1","OPC",1.06935816576978,"Oligodendrocyte",0.489883562052942,2.18288231858291,25,"OPC/Oligodendrocyte: 2.183"
"MPPED2","OPC",1.4758048212955,"InN",0.676856151496293,2.18038178131795,26,"OPC/InN: 2.18"
"VCAN","OPC",1.77392672915001,"Astrocyte",0.819669936427516,2.16419640432534,27,"OPC/Astrocyte: 2.164"
"COL11A1","OPC",1.61830012280246,"Astrocyte",0.748304836522436,2.16262149303099,28,"OPC/Astrocyte: 2.163"
"LINC02223","OPC",1.02440588721443,"ExN",0.476219917100996,2.15111936823334,29,"OPC/ExN: 2.151"
"TMEM163","OPC",1.3614696624766,"ExN",0.638121798583142,2.13355767738941,30,"OPC/ExN: 2.134"
"TMEM132C","OPC",1.59853812670365,"Astrocyte",0.752318809404385,2.12481478160731,31,"OPC/Astrocyte: 2.125"
"NXPH1","OPC",1.6787873458606,"InN",0.794634083071646,2.11265459363544,32,"OPC/InN: 2.113"
"CMYA5","OPC",0.951311525494894,"Astrocyte",0.464903442760967,2.04625614266319,33,"OPC/Astrocyte: 2.046"
"AL392023.2","OPC",1.22572277431238,"Oligodendrocyte",0.606686002873132,2.02035776086415,34,"OPC/Oligodendrocyte: 2.02"
"SEMA5A","OPC",1.71952744356642,"ExN",0.85526633529442,2.01051692625606,35,"OPC/ExN: 2.011"
"UST","OPC",1.38985576546889,"Microglia",0.698816272911991,1.98887149504592,36,"OPC/Microglia: 1.989"
"KIF26B","OPC",1.34369647344896,"InN",0.681253910035705,1.97238717261606,37,"OPC/InN: 1.972"
"GSG1L","OPC",0.889311019671055,"ExN",0.463589931003756,1.91831392400076,38,"OPC/ExN: 1.918"
"DCC","OPC",1.7993429449766,"InN",0.944827691842401,1.90441385293006,39,"OPC/InN: 1.904"
"PDZRN4","OPC",1.59521899030466,"ExN",0.858583160069994,1.85796678119638,40,"OPC/ExN: 1.858"
"KCNMB2-AS1","OPC",1.36883295147068,"Astrocyte",0.739658114741827,1.8506292626134,41,"OPC/Astrocyte: 1.851"
"LRRN1","OPC",1.31486920323827,"ExN",0.71632063883867,1.83558748966104,42,"OPC/ExN: 1.836"
"NCALD","OPC",1.49401372024917,"ExN",0.819439469948101,1.82321425198593,43,"OPC/ExN: 1.823"
"GRIK1","OPC",1.57867004215782,"InN",0.870682688695038,1.81314049613631,44,"OPC/InN: 1.813"
"CHST9","OPC",0.854004397224123,"Astrocyte",0.471191939217315,1.81243422509028,45,"OPC/Astrocyte: 1.812"
"LHFPL3","OPC",1.93398753119376,"InN",1.06986312277404,1.80769622769981,46,"OPC/InN: 1.808"
"XYLT1","OPC",1.86248471946028,"ExN",1.04465859836369,1.78286449025318,47,"OPC/ExN: 1.783"
"APCDD1","OPC",1.11658440293871,"Astrocyte",0.633439719946546,1.76273190293929,48,"OPC/Astrocyte: 1.763"
"OLIG1","OPC",0.761445783525239,"Oligodendrocyte",0.432672427825494,1.75986666715067,49,"OPC/Oligodendrocyte: 1.76"
"PCMTD2","OPC",0.899549718125475,"ExN",0.517682978405652,1.7376459254965,50,"OPC/ExN: 1.738"
"NECTIN3","OPC",1.05561990497286,"ExN",0.612055473382567,1.72471279300699,51,"OPC/ExN: 1.725"
"RAB3IP","OPC",0.909955098578849,"Oligodendrocyte",0.538939727745495,1.6884171860653,52,"OPC/Oligodendrocyte: 1.688"
"GRIK4","OPC",1.22390454894394,"Astrocyte",0.727108821186269,1.68324810988698,53,"OPC/Astrocyte: 1.683"
"ETV5","OPC",0.88665946677885,"Microglia",0.528098778638276,1.67896519106735,54,"OPC/Microglia: 1.679"
"ETV1","OPC",0.999827242075004,"Astrocyte",0.595589248926048,1.67871942597666,55,"OPC/Astrocyte: 1.679"
"TACC2","OPC",1.0715083450029,"InN",0.645451507638989,1.66009116459019,56,"OPC/InN: 1.66"
"ARHGAP10","OPC",1.02371141552268,"ExN",0.618337123358851,1.6555878287912,57,"OPC/ExN: 1.656"
"ZNF462","OPC",1.56015579112256,"Astrocyte",0.959761581362749,1.62556599620014,58,"OPC/Astrocyte: 1.626"
"PDZD2","OPC",1.86492838737726,"ExN",1.15334019735301,1.61698030785487,59,"OPC/ExN: 1.617"
"PCDH15","OPC",1.92919335271237,"ExN",1.20388193536346,1.60247719983432,60,"OPC/ExN: 1.602"
"SLC1A1","OPC",1.08374505699517,"InN",0.677052907798913,1.6006800126129,61,"OPC/InN: 1.601"
"NME9","OPC",0.81520001765743,"InN",0.513036146252705,1.58897189527829,62,"OPC/InN: 1.589"
"FGFR1","OPC",1.00715175908914,"Astrocyte",0.634249126077684,1.58794347154652,63,"OPC/Astrocyte: 1.588"
"LDLRAD3","OPC",1.36814486607845,"Endothelial",0.8640555768075,1.58339915024153,64,"OPC/Endothelial: 1.583"
"NLGN4X","OPC",1.61276188014139,"ExN",1.02422784933918,1.57461240795388,65,"OPC/ExN: 1.575"
"LUZP2","OPC",1.7980851860094,"ExN",1.15253988787483,1.56010668691466,66,"OPC/ExN: 1.56"
"KCNIP1","OPC",1.58065515942268,"InN",1.01794771043613,1.55278620229468,67,"OPC/InN: 1.553"
"NELL1","OPC",1.12038176023796,"ExN",0.72174312266828,1.55232758726667,68,"OPC/ExN: 1.552"
"LINC02328","OPC",0.923907958981331,"Oligodendrocyte",0.595424366748603,1.5516797944069,69,"OPC/Oligodendrocyte: 1.552"
"CCDC50","OPC",1.40358981297477,"Microglia",0.912129757561456,1.53880497959766,70,"OPC/Microglia: 1.539"
"MAP3K1","OPC",1.12126974654247,"Microglia",0.734786110402135,1.52598114018353,71,"OPC/Microglia: 1.526"
"KCNQ1OT1","OPC",1.42407934883961,"InN",0.934544248150885,1.52382228199182,72,"OPC/InN: 1.524"
"WWP2","OPC",0.989987257799536,"Microglia",0.652480146337442,1.5172680170525,73,"OPC/Microglia: 1.517"
"BRINP3","OPC",1.72794376431537,"ExN",1.14964449601747,1.50302443085772,74,"OPC/ExN: 1.503"
"KIAA1217","OPC",1.37571855413447,"InN",0.924282983199585,1.48841705315417,75,"OPC/InN: 1.488"
"IL1RAP","OPC",0.988433826574443,"Microglia",0.671351476322135,1.47230454007397,76,"OPC/Microglia: 1.472"
"PRRX1","OPC",0.910074661846725,"Astrocyte",0.627484280863384,1.45035451819528,77,"OPC/Astrocyte: 1.45"
"ABHD2","OPC",1.44257739618914,"ExN",0.995139824810512,1.44962281703863,78,"OPC/ExN: 1.45"
"SCN9A","OPC",1.0344772385049,"InN",0.714149242168218,1.44854489429148,79,"OPC/InN: 1.449"
"ARHGAP42","OPC",1.22124569805387,"Astrocyte",0.843536183402454,1.44776919127275,80,"OPC/Astrocyte: 1.448"
"TNR","OPC",1.94579123011571,"ExN",1.34554132011932,1.44610291859575,81,"OPC/ExN: 1.446"
"GLCCI1","OPC",1.55435143076935,"ExN",1.10291348765945,1.40931401071894,82,"OPC/ExN: 1.409"
"TSHZ1","OPC",0.783949485298944,"InN",0.562166557711925,1.39451462301439,83,"OPC/InN: 1.395"
"PTPRT","OPC",1.50958931688177,"InN",1.08424549720394,1.39229475314835,84,"OPC/InN: 1.392"
"RIT2","OPC",0.954727651779974,"ExN",0.687780304727783,1.38812880394684,85,"OPC/ExN: 1.388"
"SPRED2","OPC",0.924247954051286,"Astrocyte",0.665935137754306,1.38789485890183,86,"OPC/Astrocyte: 1.388"
"HIP1R","OPC",1.22169862616641,"Oligodendrocyte",0.882429593706875,1.38447150331206,87,"OPC/Oligodendrocyte: 1.384"
"SORCS3","OPC",1.49796082019953,"InN",1.09141277823772,1.37249705159056,88,"OPC/InN: 1.372"
"CCDC146","OPC",1.04776124173918,"Microglia",0.767764416208608,1.36469106879589,89,"OPC/Microglia: 1.365"
"HIBADH","OPC",0.893048421391147,"Astrocyte",0.654601249064458,1.36426324066364,90,"OPC/Astrocyte: 1.364"
"GALNT13","OPC",1.78547247463332,"Oligodendrocyte",1.31054531646928,1.3623889629727,91,"OPC/Oligodendrocyte: 1.362"
"DNER","OPC",1.45065893363167,"InN",1.06549487664345,1.36148841766519,92,"OPC/InN: 1.361"
"SLC25A27","OPC",0.950452040274934,"Oligodendrocyte",0.700200650598273,1.35739953892194,93,"OPC/Oligodendrocyte: 1.357"
"LRRK2","OPC",1.33076539450713,"Microglia",0.98104139164093,1.35648241332737,94,"OPC/Microglia: 1.356"
"SEZ6L","OPC",1.53900690423904,"ExN",1.13503525327555,1.35591110478524,95,"OPC/ExN: 1.356"
"MMP16","OPC",1.84728040888328,"ExN",1.3658542547581,1.35247256612342,96,"OPC/ExN: 1.352"
"ARHGAP31","OPC",1.24407309049221,"Microglia",0.921743326221068,1.34969579393932,97,"OPC/Microglia: 1.35"
"GPC6","OPC",1.31716975138773,"InN",0.976502368153968,1.34886488179007,98,"OPC/InN: 1.349"
"DGKG","OPC",1.79346701529502,"Astrocyte",1.33263476272331,1.34580536652817,99,"OPC/Astrocyte: 1.346"
"PID1","OPC",1.58398298433657,"ExN",1.18236576681831,1.33967256900459,100,"OPC/ExN: 1.34"
"RGS10","Microglia",0.886513842051471,"Oligodendrocyte",0.0771664937557079,11.4883260713902,1,"Microglia/Oligodendrocyte: 11.488"
"CMKLR1","Microglia",0.799743575054163,"Oligodendrocyte",0.0696368780635112,11.4844834704504,2,"Microglia/Oligodendrocyte: 11.484"
"BLNK","Microglia",1.10692716474684,"Oligodendrocyte",0.100781038011849,10.9834864433198,3,"Microglia/Oligodendrocyte: 10.983"
"NCKAP1L","Microglia",0.962148446282043,"Oligodendrocyte",0.0889509247861963,10.816621059249,4,"Microglia/Oligodendrocyte: 10.817"
"IL18","Microglia",0.94791856070445,"Oligodendrocyte",0.0883997451849797,10.7230915510095,5,"Microglia/Oligodendrocyte: 10.723"
"HCLS1","Microglia",1.0466014191178,"Oligodendrocyte",0.0980068511327703,10.6788597635891,6,"Microglia/Oligodendrocyte: 10.679"
"CSF2RA","Microglia",1.02484391770269,"Oligodendrocyte",0.0959820254918281,10.6774566639036,7,"Microglia/Oligodendrocyte: 10.677"
"WDFY4","Microglia",1.14875441226227,"Oligodendrocyte",0.108477180198097,10.5898255297977,8,"Microglia/Oligodendrocyte: 10.59"
"CD86","Microglia",1.14473018332957,"Oligodendrocyte",0.108199648267385,10.5797957910241,9,"Microglia/Oligodendrocyte: 10.58"
"FGD2","Microglia",0.873082263889181,"Oligodendrocyte",0.0827419830369003,10.5518653511098,10,"Microglia/Oligodendrocyte: 10.552"
"MRC1","Microglia",1.22928074614417,"Oligodendrocyte",0.116510106526718,10.5508507612794,11,"Microglia/Oligodendrocyte: 10.551"
"LY86","Microglia",1.06351214436558,"Oligodendrocyte",0.100926290854839,10.5375134205141,12,"Microglia/Oligodendrocyte: 10.538"
"PIK3R5","Microglia",1.14657866356123,"Oligodendrocyte",0.113301694544308,10.1196956336151,13,"Microglia/Oligodendrocyte: 10.12"
"CD53","Microglia",0.825456733967174,"Oligodendrocyte",0.0827557604449093,9.9746136042902,14,"Microglia/Oligodendrocyte: 9.975"
"TFEC","Microglia",0.796012474101593,"Oligodendrocyte",0.0809022346888645,9.83919019249486,15,"Microglia/Oligodendrocyte: 9.839"
"AC074327.1","Microglia",0.879728736412491,"Oligodendrocyte",0.089594118975562,9.81904556316301,16,"Microglia/Oligodendrocyte: 9.819"
"ARHGAP25","Microglia",1.03647897389777,"Oligodendrocyte",0.105670412196817,9.8086015976475,17,"Microglia/Oligodendrocyte: 9.809"
"LINC02232","Microglia",0.881689707174257,"Oligodendrocyte",0.0908412632650495,9.70582833708214,18,"Microglia/Oligodendrocyte: 9.706"
"SYK","Microglia",1.28898366175748,"Oligodendrocyte",0.132816440244762,9.70500082205234,19,"Microglia/Oligodendrocyte: 9.705"
"CPED1","Microglia",1.26052317777689,"Oligodendrocyte",0.130962337353446,9.62508155588996,20,"Microglia/Oligodendrocyte: 9.625"
"CSF3R","Microglia",1.05628799885024,"Oligodendrocyte",0.110726520022798,9.53961163624364,21,"Microglia/Oligodendrocyte: 9.54"
"IKZF1","Microglia",1.02217892148481,"Oligodendrocyte",0.107194670405842,9.5357252148341,22,"Microglia/Oligodendrocyte: 9.536"
"TLR2","Microglia",1.36659241088758,"Oligodendrocyte",0.144609728565579,9.45021074614524,23,"Microglia/Oligodendrocyte: 9.45"
"AC068992.1","Microglia",1.32125326574423,"Oligodendrocyte",0.14196424504234,9.30694390936382,24,"Microglia/Oligodendrocyte: 9.307"
"MSR1","Microglia",1.32347112856602,"Oligodendrocyte",0.142442366694117,9.2912744942526,25,"Microglia/Oligodendrocyte: 9.291"
"RHBDF2","Microglia",1.25257755097306,"Oligodendrocyte",0.134967178586767,9.28060854563842,26,"Microglia/Oligodendrocyte: 9.281"
"SLC2A5","Microglia",0.899510440546499,"Oligodendrocyte",0.0978882754132272,9.18915403044226,27,"Microglia/Oligodendrocyte: 9.189"
"PTPRC","Microglia",1.38881141007477,"Oligodendrocyte",0.151599156096114,9.16107612890839,28,"Microglia/Oligodendrocyte: 9.161"
"TMEM156","Microglia",0.994742466656295,"Oligodendrocyte",0.108712810560036,9.15018627088988,29,"Microglia/Oligodendrocyte: 9.15"
"ALOX5","Microglia",1.02389637423409,"Oligodendrocyte",0.114767634156668,8.92147321636324,30,"Microglia/Oligodendrocyte: 8.921"
"RBM47","Microglia",1.26470154157423,"Oligodendrocyte",0.144203533140562,8.77025350232897,31,"Microglia/Oligodendrocyte: 8.77"
"APBB1IP","Microglia",1.58185799240624,"Oligodendrocyte",0.182687136799671,8.65883619458578,32,"Microglia/Oligodendrocyte: 8.659"
"FYB1","Microglia",1.46653916361113,"Oligodendrocyte",0.171189128885685,8.56677741838642,33,"Microglia/Oligodendrocyte: 8.567"
"ADAM28","Microglia",1.64353905513206,"Oligodendrocyte",0.195576148785558,8.40357612795686,34,"Microglia/Oligodendrocyte: 8.404"
"C3","Microglia",0.981810637305744,"Endothelial",0.119147485796124,8.24029672758469,35,"Microglia/Endothelial: 8.24"
"LPAR6","Microglia",0.953795700147088,"Oligodendrocyte",0.116847603323597,8.16273225138944,36,"Microglia/Oligodendrocyte: 8.163"
"DOCK8","Microglia",1.72715234278473,"Oligodendrocyte",0.215207148034743,8.02553427503208,37,"Microglia/Oligodendrocyte: 8.026"
"ARHGAP15","Microglia",1.58427037723631,"Oligodendrocyte",0.197919698652198,8.0046119109161,38,"Microglia/Oligodendrocyte: 8.005"
"MYO1F","Microglia",0.990874703194462,"Oligodendrocyte",0.1251908540307,7.91491288134736,39,"Microglia/Oligodendrocyte: 7.915"
"P2RY12","Microglia",1.05205489907962,"Astrocyte",0.134037616924457,7.84895257927895,40,"Microglia/Astrocyte: 7.849"
"LYN","Microglia",1.17353261529995,"OPC",0.150530447328311,7.7959817175089,41,"Microglia/OPC: 7.796"
"DLEU7-AS1","Microglia",1.07291875760213,"Oligodendrocyte",0.141882178344216,7.56204035012176,42,"Microglia/Oligodendrocyte: 7.562"
"CSF1R","Microglia",1.45577559188848,"Endothelial",0.202008802061177,7.20649584094662,43,"Microglia/Endothelial: 7.206"
"RCSD1","Microglia",1.18606766056026,"Endothelial",0.169561219188212,6.9949229324881,44,"Microglia/Endothelial: 6.995"
"RUNX1","Microglia",1.58111455378213,"Oligodendrocyte",0.239145707140969,6.61151133626712,45,"Microglia/Oligodendrocyte: 6.612"
"TBXAS1","Microglia",1.67523262802275,"Oligodendrocyte",0.253512715279936,6.6080812797611,46,"Microglia/Oligodendrocyte: 6.608"
"AC008691.1","Microglia",1.21356721343209,"ExN",0.209737451015627,5.78612549907295,47,"Microglia/ExN: 5.786"
"PGM5","Microglia",1.02994913667847,"Endothelial",0.187657393108142,5.48845488909108,48,"Microglia/Endothelial: 5.488"
"RIN3","Microglia",1.38249801560086,"OPC",0.255896134103791,5.4025748393687,49,"Microglia/OPC: 5.403"
"NFATC2","Microglia",1.09791545671766,"Astrocyte",0.226246750007192,4.85273470970414,50,"Microglia/Astrocyte: 4.853"
"FAM149A","Microglia",1.2094406558805,"InN",0.255269990655947,4.73788811905661,51,"Microglia/InN: 4.738"
"RASGEF1C","Microglia",1.25885673397876,"ExN",0.267476502710232,4.70641989566661,52,"Microglia/ExN: 4.706"
"AC025569.1","Microglia",0.834039260424746,"ExN",0.18020707301089,4.62822710834633,53,"Microglia/ExN: 4.628"
"BNC2","Microglia",1.22604419224488,"Astrocyte",0.284518109781093,4.30919561917586,54,"Microglia/Astrocyte: 4.309"
"LPCAT2","Microglia",1.10485408964652,"Oligodendrocyte",0.263677467378869,4.19017256434352,55,"Microglia/Oligodendrocyte: 4.19"
"INPP5D","Microglia",1.54686389098388,"Endothelial",0.377267704545748,4.10017574349863,56,"Microglia/Endothelial: 4.1"
"DOCK2","Microglia",1.52617763556967,"Oligodendrocyte",0.373823202163449,4.08261880679726,57,"Microglia/Oligodendrocyte: 4.083"
"PALD1","Microglia",1.38710274411807,"Endothelial",0.360041981297631,3.85261390663053,58,"Microglia/Endothelial: 3.853"
"ABCC4","Microglia",1.50281179920387,"Astrocyte",0.399047958423526,3.76599295267882,59,"Microglia/Astrocyte: 3.766"
"IL13RA1","Microglia",1.06211961622453,"Endothelial",0.289046379032631,3.67456468328436,60,"Microglia/Endothelial: 3.675"
"AOAH","Microglia",1.5275383404019,"Oligodendrocyte",0.420611307196285,3.63171011874165,61,"Microglia/Oligodendrocyte: 3.632"
"SERPINB9","Microglia",0.800133291364851,"Astrocyte",0.22588859753909,3.54215883440681,62,"Microglia/Astrocyte: 3.542"
"FOXP2","Microglia",1.55304951325559,"InN",0.440292500267452,3.52731312096436,63,"Microglia/InN: 3.527"
"CARD8","Microglia",0.764961971683304,"OPC",0.220591849921253,3.4677707809984,64,"Microglia/OPC: 3.468"
"AC244021.1","Microglia",1.02983012957528,"InN",0.297674549803219,3.45958406674694,65,"Microglia/InN: 3.46"
"B3GNT5","Microglia",0.847630776253257,"ExN",0.246257500768357,3.44205059179328,66,"Microglia/ExN: 3.442"
"PSMA1","Microglia",1.17614215765866,"OPC",0.352810673065154,3.3336354238962,67,"Microglia/OPC: 3.334"
"SRGAP2B","Microglia",1.49837947806217,"ExN",0.478578600247515,3.1308952746471,68,"Microglia/ExN: 3.131"
"BHLHE41","Microglia",0.945762009249738,"Endothelial",0.306854315068615,3.08212061165983,69,"Microglia/Endothelial: 3.082"
"SLCO2B1","Microglia",1.5872623983468,"Endothelial",0.527016490405157,3.01178886665682,70,"Microglia/Endothelial: 3.012"
"CLEC2D","Microglia",0.810153994055645,"OPC",0.269286655301542,3.00851890766161,71,"Microglia/OPC: 3.009"
"KCNQ1","Microglia",0.963617498358189,"OPC",0.322379500273615,2.98907808201307,72,"Microglia/OPC: 2.989"
"SP100","Microglia",1.19549597533806,"Endothelial",0.422140700648613,2.83198462858758,73,"Microglia/Endothelial: 2.832"
"RUNX2","Microglia",1.31056556329874,"InN",0.46507176430086,2.81798566135037,74,"Microglia/InN: 2.818"
"AP1B1","Microglia",1.0311317367491,"InN",0.369693839288063,2.7891504460415,75,"Microglia/InN: 2.789"
"MIR646HG","Microglia",1.09477256923104,"ExN",0.39534440064366,2.76916169154954,76,"Microglia/ExN: 2.769"
"REL","Microglia",0.766488928273918,"InN",0.283520825923602,2.7034660532502,77,"Microglia/InN: 2.703"
"GNB4","Microglia",0.97724336301818,"Endothelial",0.365964750068772,2.67032101543807,78,"Microglia/Endothelial: 2.67"
"IFNGR1","Microglia",1.19817619802054,"Endothelial",0.457476751078208,2.61909746275982,79,"Microglia/Endothelial: 2.619"
"HS3ST4","Microglia",1.79311725701868,"ExN",0.688765717480381,2.60337762393023,80,"Microglia/ExN: 2.603"
"SLA","Microglia",0.902964926955712,"ExN",0.3475220219805,2.59829556069509,81,"Microglia/ExN: 2.598"
"TGFBR2","Microglia",1.12908310717551,"Endothelial",0.438424835215879,2.5753174010308,82,"Microglia/Endothelial: 2.575"
"CTSB","Microglia",0.947244590189953,"Endothelial",0.369168067903535,2.56588982782084,83,"Microglia/Endothelial: 2.566"
"SRGAP2C","Microglia",1.10886962872756,"ExN",0.434084047817039,2.55450444286986,84,"Microglia/ExN: 2.555"
"VSIR","Microglia",0.953015458775279,"Endothelial",0.373602816037936,2.5508786814886,85,"Microglia/Endothelial: 2.551"
"MIS18BP1","Microglia",1.06273524833765,"ExN",0.42283924626329,2.5133316212467,86,"Microglia/ExN: 2.513"
"TGFBR1","Microglia",0.90531826629333,"OPC",0.361776396346155,2.50242491062657,87,"Microglia/OPC: 2.502"
"FLI1","Microglia",1.34738187174095,"Endothelial",0.540909632079518,2.49095559005109,88,"Microglia/Endothelial: 2.491"
"CPVL","Microglia",1.10592993441976,"ExN",0.449707485051716,2.45922065160328,89,"Microglia/ExN: 2.459"
"LHFPL2","Microglia",1.5058968124832,"OPC",0.622873679507563,2.41766005215335,90,"Microglia/OPC: 2.418"
"ST8SIA4","Microglia",1.02735996657146,"InN",0.425450964719604,2.41475528736559,91,"Microglia/InN: 2.415"
"ZNF710","Microglia",1.16233670645868,"Astrocyte",0.492682047731697,2.35920247512583,92,"Microglia/Astrocyte: 2.359"
"ALPK1","Microglia",0.996964540307291,"Astrocyte",0.423441936221844,2.35443033631174,93,"Microglia/Astrocyte: 2.354"
"OSBPL3","Microglia",1.04881548330802,"InN",0.456241466397255,2.29881665862174,94,"Microglia/InN: 2.299"
"PRKD3","Microglia",0.906400651919941,"Endothelial",0.39570566685169,2.29059305400258,95,"Microglia/Endothelial: 2.291"
"ZFP36L2","Microglia",0.903957309857387,"Endothelial",0.395086730284616,2.28799714231401,96,"Microglia/Endothelial: 2.288"
"SRGAP2","Microglia",1.67670401705811,"ExN",0.7337047373408,2.2852571773423,97,"Microglia/ExN: 2.285"
"NCK2","Microglia",1.02386732364646,"ExN",0.448090224237666,2.28495795771569,98,"Microglia/ExN: 2.285"
"ST6GAL1","Microglia",1.70668054713926,"OPC",0.755905728085765,2.25779549450063,99,"Microglia/OPC: 2.258"
"SLC25A37","Microglia",1.32039474931135,"Astrocyte",0.589378064037514,2.24031878666476,100,"Microglia/Astrocyte: 2.24"
